TSFC,SpecThrust,CO2,NOx,SAF_Total,Phi,LCA,HEFA_Frac,FT_Frac,ATJ_Frac
29.464214218597508,800.5789774446716,5393.236870597073,87.65219889756372,0.2970723403872017,0.3520408049667995,0.7616189452532229,0.1133372923993361,0.0954832606510102,0.0882516703181881
41.64074570622867,800.8848045294355,6757.169310302753,190.94578807708868,0.4771222405640752,0.4979150649499217,0.6087968567331371,0.1365877059253335,0.2177935174724221,0.1227406812163443
41.41058435120105,800.8495606411224,9727.65189198155,188.53435538383243,0.1550937286092824,0.4948179817017153,0.882934947151998,0.0789028099278764,0.0030453863281313,0.0731452504763066
39.77911133055086,800.6387759705675,9152.079801325795,172.08019989536092,0.1667190909206131,0.4752336828942632,0.8757834291264947,0.0732756281725407,0.0009280685192435,0.0925152918689177
45.36383438365746,801.7169328904896,8594.191682872062,232.2093999557614,0.4059590828225446,0.5429962168380124,0.6913966131630428,0.1880412233527692,0.0281391048399324,0.1897784694368008
43.903014269899685,801.334577519945,7283.504311838536,215.44344961641687,0.485063380711755,0.5252765748912968,0.6119252456894431,0.1893245458477651,0.1479891703912571,0.1477493339750646
42.47933771452372,801.0290258992198,9250.57031842906,199.8040601861437,0.2358180283510553,0.507758605032665,0.811872931061218,0.1014014063819638,0.0645712587248091,0.0698451742113323
49.3661942469142,803.1675174046858,9031.051582476592,282.09589819836987,0.4309600430356101,0.5916594692136966,0.6492281931046698,0.3249948692005905,0.0830009133491663,0.0229639032174844
39.97169011408266,800.656190867845,8210.876726521801,173.98338137374816,0.2889874191002827,0.4777297982340667,0.780714926198121,0.0847257366398732,0.0426061087999364,0.1616552903014512
39.66570239515288,800.6159288909934,6378.817488573029,170.98568959874473,0.4939711471369329,0.4743109953777666,0.6126292523121613,0.110111975186173,0.1528980873655721,0.2309606522510082
40.56094756082195,800.7319210671795,10111.47016727546,179.85009593118508,0.0746080113831881,0.4844987270195003,0.9431815151429356,0.036621927113322,0.0046533621672826,0.03333268295577
43.903014269899685,801.334577519945,7283.504311838536,215.44344961641687,0.485063380711755,0.5252765748912968,0.6119252456894431,0.1893245458477651,0.1479891703912571,0.1477493339750646
29.4660923468933,800.5826372410122,5359.577854140663,87.66496029712616,0.2970723403872017,0.3520408049667995,0.7568046746400484,0.1159630526732227,0.1182417295133657,0.0628674384708969
41.192208185030736,800.8164013800342,9170.628677425431,186.28664623158645,0.208368564488698,0.4923190821380356,0.8381630876793242,0.0197522022380105,0.0700182918758914,0.1185979417761032
41.0667871630777,800.7983157870467,8847.217828679446,184.99564324530505,0.2358180283510553,0.490732905606765,0.811872931061218,0.1014014063819638,0.0645712587248091,0.0698451742113323
41.63971071195885,800.8849031566156,6809.853336849043,190.93512795710947,0.4771222405640752,0.4979150649499217,0.6135633283363586,0.1536276091264925,0.185441144988931,0.1380531085874735
39.68834185473219,800.6241097102017,6257.04200764983,171.19752255319892,0.4939711471369329,0.4743109953777666,0.6005217013570538,0.2830536481029043,0.1269651273190911,0.0839520204716562
41.63191929929297,800.8863120451823,7055.734389542161,190.85702846047155,0.4771222405640752,0.4979150649499217,0.6358651239509162,0.2050365669859698,0.0482265125179065,0.2238579995533556
39.97656247222599,800.6571631436757,8112.597961187466,174.02988399216264,0.2889874191002827,0.4777297982340667,0.7712544180967456,0.0837392259150769,0.090402157252989,0.1148459209623797
43.88122858495677,801.3391563648314,7440.084453858268,215.2168647291294,0.485063380711755,0.5252765748912968,0.6254466731031665,0.0671709875000609,0.1414588343723578,0.2764332429255787
41.40929028215624,800.8485212794578,9508.48937008944,188.52237491802512,0.1694927219341251,0.4948179817017153,0.863070697303069,0.0356576045736089,0.0735928361997993,0.0602420490083076
43.703888074216685,801.2941543628648,7507.078160613597,213.22821082369532,0.4641902006176435,0.5230438675495422,0.6344828866644502,0.0560653155550013,0.1748865404434713,0.2332379004224875
45.38383311117331,801.7072554468931,8154.371302959575,232.4270351263792,0.4059590828225446,0.5429962168380124,0.6556662579111986,0.1677620360599339,0.2169305208802668,0.0212662714457658
49.00241818813535,803.0340658823513,8882.102582885673,277.3486644378486,0.4439756394210548,0.5874760456110792,0.6447974758775213,0.1732876354787368,0.1354536111454962,0.1352340902942637
41.08421287767162,800.8015706522212,10517.324956132272,185.1644391505293,0.0425595237885124,0.490732905606765,0.964644690703598,0.0254988436718452,0.0150687200837085,0.0019919124979015
41.6202242294419,800.8843509368388,7008.300408555086,190.74288115928263,0.4771222405640752,0.4979150649499217,0.6317980845217517,0.0671511525472286,0.1375055885388781,0.2724651190749781
51.03574085730006,804.0682468194658,8958.893722661409,304.79981175944283,0.485063380711755,0.6128390331141048,0.6158714533202626,0.1174094282203012,0.1642153585100257,0.2034380417898492
49.00511834938512,803.03083314807,8720.950725803781,277.38115885575314,0.4439756394210548,0.5874760456110792,0.6330552055347313,0.1274337767512445,0.2170920122915648,0.0994496279212689
41.20721819567133,800.8192099680551,9489.522027123712,186.43237325632597,0.1694927219341251,0.4923190821380356,0.8669339643262305,0.1195986405886892,0.0123061140290013,0.037587822465725
45.74410695535464,801.8384658752715,7913.218291287737,236.71777078162472,0.4641902006176435,0.5478063589713114,0.6295544945040628,0.0472730785164105,0.2039247242539726,0.2129920233100893
45.36383438365746,801.7169328904896,8594.191682872062,232.2093999557614,0.4059590828225446,0.5429962168380124,0.6913966131630428,0.1880412233527692,0.0281391048399324,0.1897784694368008
39.70091337324654,800.627925572085,7059.394237568057,171.31581711545238,0.3824157015993304,0.4743109953777666,0.6772668327704424,0.2008576470915992,0.174781683135812,0.0067761221262391
41.67172711998796,800.8899936497703,9720.59918504031,191.2491421005765,0.159682261136393,0.4979150649499217,0.8750260018543382,0.1054845729934971,0.0132394010807291,0.0409580276131962
43.89901444529111,801.33580234774,7382.482748795199,215.40108519829965,0.4855770651532122,0.5252765748912968,0.6203101004142018,0.2032695412089107,0.0972946733624573,0.1850126332979538
44.71034300452217,801.5430582906171,7408.546216405469,224.62989332339612,0.492529567491405,0.5352286707380242,0.6075572222010218,0.090284068156189,0.1932180538173026,0.209027235598196
29.475828533281128,800.598793633658,6395.361370143506,87.73002676636526,0.1196860940267181,0.3520649198124866,0.9026945406332696,0.0250628427522338,0.0550944235442063,0.0395287458504012
45.37041391504122,801.7129471218153,8349.84479336319,232.2818555179608,0.4059590828225446,0.5429962168380124,0.6716189605177361,0.1336881354853596,0.1542040694449366,0.1180666976623839
41.00070171549503,800.7895533389195,9856.6854663163,184.3161504825233,0.1220140243719479,0.4898720610361128,0.9064438695167902,0.0275125639570646,0.026975143720293,0.0675262224176529
44.70760390649224,801.5438818885438,7409.162041751138,224.601118625814,0.492529567491405,0.5352286707380242,0.607650770303348,0.0664812534440772,0.204651702028778,0.2213963896768659
39.66548927094181,800.6155834611131,6385.130557202793,170.98351335997512,0.4939711471369329,0.4743109953777666,0.6132399882289408,0.1112875954049208,0.14925659074852,0.2334265240334586
47.53499457610621,802.4508421441144,8327.586969842452,258.574129207665,0.4771222405640752,0.5696712872369365,0.6295285488216736,0.1360939876156578,0.1143819454608237,0.2266459910551158
49.33644391093196,803.1926761772896,9241.965679140008,281.7496676597771,0.4307637925605771,0.5916594692136966,0.664845614347212,0.1655914898622489,0.0853025516196521,0.1798695125779139
53.66448417786438,805.727549647351,9483.162626334415,342.7369205811784,0.492529567491405,0.6457609040646682,0.6092979574856874,0.1077239883797682,0.1757943564577811,0.2090109721845354
49.00511834938512,803.03083314807,8720.950725803781,277.38115885575314,0.4439756394210548,0.5874760456110792,0.6330552055347313,0.1274337767512445,0.2170920122915648,0.0994496279212689
45.50054443490147,801.754142531621,8169.3524492896195,233.81997266030325,0.4191237078496429,0.5446519796502869,0.6545902492357107,0.0592877371005138,0.2304714040108704,0.1293642308805461
43.70560602556073,801.2938437757485,7504.964009713873,213.245873551358,0.4641902006176435,0.5230438675495422,0.6342751322300777,0.0705964328442654,0.1686597776938594,0.2249335616982741
42.48459214261891,801.0294580601898,10058.0049788787,199.8564548612271,0.1523991491369354,0.507758605032665,0.8826099447822632,0.0670724937632055,0.0200168779871089,0.0653096912261553
40.03437221481524,800.6702652139298,10502.648394656691,174.5888431110745,0.0040647333871322,0.4780931342928771,0.9966604778164228,0.0014518407674649,0.0017451197389415,0.0008677702538925
51.02329203352204,804.0814286130477,9093.338806234771,304.6499630904924,0.485063380711755,0.6128390331141048,0.6252859594314877,0.0799287857614219,0.1358834135977324,0.2692508054372838
51.2192503863885,804.1779565118674,8933.129624767802,307.3674656198893,0.4783997835888318,0.6151827216393998,0.6111309909530082,0.013242204041728,0.2633239146490092,0.2018331408953116
50.950438164852,803.941026179629,13004.798546755928,303.5153840481688,0.1358226232259242,0.6111250906009575,0.8962255777826822,0.0669487071456804,0.0100184239162071,0.0588553906261658
52.10422629919549,804.6744972367602,9224.922006828749,319.85137286589134,0.485063380711755,0.6260336104475968,0.6167801928631049,0.1935354330308773,0.1216091958526074,0.1699185579447455
49.3284613430847,803.1991546171364,9295.211912630662,281.6566050067813,0.4307637925605771,0.5916594692136966,0.6687992064834704,0.1244946945902986,0.086082912131081,0.2201858963762654
41.0631609756121,800.7967241581033,8776.11379287897,184.9610632936649,0.2358180283510553,0.490732905606765,0.8054294345654354,0.0238688895367844,0.1355549695321829,0.0763939601863849
51.2159048739227,804.1822047898372,9700.64212247851,307.32510855478176,0.4309600430356101,0.6151827216393998,0.6636914461775365,0.0084954814921265,0.168934373483876,0.2535298518877791
46.66301975572924,802.1556027931515,8480.035309603474,247.80803718904272,0.4641902006176435,0.5592587857376033,0.6570038681701936,0.0445664982133244,0.0680311782405757,0.3515921710703826
41.66610664416095,800.889456485035,8517.348778835276,191.19369609629248,0.2955487823164215,0.4979150649499217,0.7668356870600964,0.231517762750038,0.0156414854340698,0.0483892276103442
52.10422629919549,804.6744972367602,9224.922006828749,319.85137286589134,0.485063380711755,0.6260336104475968,0.6167801928631049,0.1935354330308773,0.1216091958526074,0.1699185579447455
49.037507426041536,803.0371610006243,8922.214706184634,277.7937348871255,0.4309600430356101,0.5877891059985003,0.6471142566403246,0.1892026236141009,0.1614668897957935,0.0802902865784507
45.500592704272464,801.7757323416556,9085.742847397403,233.84481912689816,0.3825525989104606,0.5449815153827691,0.727960387954132,0.0282392973307581,0.0071433236123388,0.3471693167906902
41.6526607987734,800.8875894305804,8346.838890011573,191.0614812530581,0.3178796910939023,0.4979150649499217,0.7517719689223752,0.1333144138030243,0.0619037727769733,0.1226613332599176
40.564055264129706,800.7321112747449,10050.479178277696,179.88007324283842,0.0746080113831881,0.4844987270195003,0.9374046238514884,0.0395243746424244,0.0320865902061331,0.0029970042852613
39.787546287714605,800.6294121185281,6425.0443388008025,172.17941962441034,0.485063380711755,0.4757544131031079,0.6145899062312188,0.0865613411257,0.1860475208620175,0.2124542221054403
46.21738970454032,801.9996803073853,8131.823751567046,242.3922378820147,0.485063380711755,0.5537317616049957,0.6381355087268122,0.1157622798993894,0.0537186672578577,0.3155818891096785
49.527387376113,803.2844997594407,8618.32324646558,284.2851676576884,0.485063380711755,0.5940448941065809,0.6167801928631049,0.1935354330308773,0.1216091958526074,0.1699185579447455
40.00986844171952,800.6609686819957,7682.130218443412,174.3583256120527,0.3291988754028672,0.4780931342928771,0.7295352874319238,0.1175831973202825,0.1413355811531416,0.0702798841847343
45.74948564696606,801.8358418949139,7835.381086102132,236.77640385625472,0.4641902006176435,0.5478063589713114,0.6232753331374166,0.0577846027737635,0.2300646440367946,0.1763404959887596
41.6537280499464,800.8884482399623,8803.986477480837,191.07142136640564,0.275896469985829,0.4979150649499217,0.7929245994014289,0.1312964781492218,0.0040906345642691,0.1405090343366223
42.05498914048994,800.953592438032,6519.399271763785,195.3033445605476,0.4939711471369329,0.5029481211156109,0.5797461566349487,0.0393943471773742,0.3526724287381209,0.1019039715419821
39.6508744830094,800.6223630687477,8589.927205362328,170.82744648431685,0.219816359431955,0.4737670574842808,0.8254639394243378,0.0295127665500328,0.0885663108539356,0.1017370482029756
51.11645457790903,804.165150578519,10019.62783680438,305.979284400472,0.439806945524199,0.6142331943834979,0.6872458554033111,0.0324657031168082,0.0082124218938295,0.3991280603825519
44.62984053868541,801.5047046153461,8929.590390383824,223.6752670321262,0.3247186820337721,0.5338686043734184,0.7341275560084566,0.1109287330536617,0.1373821561219322,0.0764075860643435
39.988636718844575,800.6534460003554,6370.404923033781,174.15852011172942,0.485063380711755,0.4780931342928771,0.6053500960052334,0.1020299391628266,0.2245119981114688,0.1585209635775875
41.00595780639133,800.7899837098746,9767.429169716434,184.3674802614828,0.1220140243719479,0.4898720610361128,0.8980954675646137,0.0388864776563495,0.0630300076162957,0.0200973188122066
43.51226334225687,801.2428907438853,7017.22013145563,211.08517305611545,0.485063380711755,0.5205175601090881,0.596568597634328,0.1205725458709154,0.2591482866552489,0.1053421350212502
51.03574085730006,804.0682468194658,8958.893722661409,304.79981175944283,0.485063380711755,0.6128390331141048,0.6158714533202626,0.1174094282203012,0.1642153585100257,0.2034380417898492
47.553000452955104,802.4385665744873,8134.586978307549,258.77702350248927,0.4771222405640752,0.5696712872369365,0.6146687866514903,0.2016751608240977,0.1558899409830901,0.1195566698414564
40.51749880331692,800.7206669494853,7179.004280858008,179.43423967507906,0.4307637925605771,0.4844987270195003,0.6705053547331674,0.1173348007043083,0.0811321427968222,0.232296576244002
49.03801575313423,803.0368608104849,8764.795725078273,277.7994982187416,0.4457464225022198,0.5877891059985003,0.6356897545243165,0.2160386349454753,0.1534190847478929,0.0762884718755068
43.97439177850891,801.3647022866961,7563.938690305478,216.26962866281303,0.4771222405640752,0.5264946555452902,0.634059406493663,0.0052212119829888,0.1571638604349905,0.3147367287254713
47.52095804249808,802.4599394482756,8454.957198580356,258.4159483828514,0.4771222405640752,0.5696712872369365,0.6393757702516931,0.0791589704495083,0.0936128807963948,0.3043497621540906
46.613079292121554,802.1159307334493,9135.909192943898,247.1685955297099,0.3869916226119567,0.5583413969713903,0.7088945310695468,0.0903600249384075,0.0558761921624393,0.2407550982585937
43.76079498337366,801.3003005447223,7177.9327611489725,213.8522457883238,0.4783997835888318,0.5235522877573366,0.6056470545493995,0.1136479077438857,0.2405408128220001,0.1242105843575141
41.62177181431296,800.884312335245,6987.37546516458,190.7581733002607,0.4771222405640752,0.4979150649499217,0.6298834401253413,0.0709087301058062,0.1451999898123229,0.2610131189567427
42.05418697688104,800.9554537841335,7039.289616945343,195.29337254576876,0.4641902006176435,0.5029481211156109,0.6260000847236702,0.1209340134272557,0.184866250685724,0.1583895252909667
42.45661972057072,801.0289654223199,7954.5126518627185,199.57576742429265,0.3869916226119567,0.507758605032665,0.698568090089104,0.1183662823035998,0.0935051255369264,0.1751198122888271
49.37678595465469,803.2046478160485,9097.107338261068,282.2749679714704,0.442487428445482,0.592095211270491,0.653723999044339,0.2120495612477112,0.0766489025263282,0.1537887499588197
42.05904602617506,800.9565974496912,6832.102956828895,195.34100257488225,0.4939711471369329,0.5029481211156109,0.6074944898890527,0.2412589714517675,0.11299868341629,0.1397132479800106
29.461517299620663,800.5695166299091,5322.2189494233,87.6336241778884,0.3209902047189629,0.3520649198124866,0.7516754268778846,0.1236579932489601,0.0563278571746626,0.1410041574319643
41.40432092388587,800.8481850001606,8986.444333790043,188.4735574405188,0.2333858634391911,0.4948179817017153,0.8158033556405918,0.0905750755384749,0.0588446766271663,0.083965787697904
40.53475163068892,800.7227942044483,7561.336455111895,179.6012702453083,0.348466755166666,0.4844987270195003,0.7058450538265528,0.0095455674036559,0.2463677595759381,0.0925530651829793
45.75360933699923,801.8336185190055,7731.898184656575,236.821815973799,0.4641902006176435,0.5478063589713114,0.6149767859798734,0.0461020454028484,0.2773987973485669,0.1406889926069682
41.004042210612006,800.7903475384392,9843.43705457066,184.34853030750696,0.1220140243719479,0.4898720610361128,0.9051374696832708,0.0579574424089338,0.0182847492207739,0.0457717688378482
50.950438164852,803.941026179629,13004.798546755928,303.5153840481688,0.1358226232259242,0.6111250906009575,0.8962255777826822,0.0669487071456804,0.0100184239162071,0.0588553906261658
40.03427458159235,800.6701619672556,10504.103952285534,174.58787766034408,0.0040647333871322,0.4780931342928771,0.9968016836050656,0.0010370195110785,0.0012465025497325,0.0017812094500291
45.74513520480103,801.8379050016597,7872.603267036855,236.72929775542383,0.4641902006176435,0.5478063589713114,0.626305741069813,0.0374102936585225,0.2251000010661065,0.2016796094971375
41.00686281720241,800.7898700017134,9739.156965910546,184.37637295534287,0.1220140243719479,0.4898720610361128,0.8954713709535304,0.0340008771444443,0.0785934465927783,0.0094195841243714
42.47674915261872,801.0287418130138,7172.3299347747,199.77818433204453,0.4563935943841454,0.507758605032665,0.6295217710975487,0.3407724186846751,0.0846268084251243,0.0309940030074893
45.51336813181447,801.770383601825,9007.266816309677,233.98234278166464,0.3825525989104606,0.5449815153827691,0.7214365679449571,0.1003891424877256,0.0036879808127324,0.2784751342553311
41.620458639088085,800.8843526904934,7017.604074674798,190.7450445310385,0.4771222405640752,0.4979150649499217,0.6326330230800561,0.0741969417687919,0.1298079412662862,0.2731169372124805
29.478439426131235,800.6047026634672,6576.299382389215,87.74741125813254,0.093314289522612,0.3520649198124866,0.928134395324604,0.0587240265873293,0.0033658751565244,0.0312243067136589
51.89172562065225,804.5965189606928,9865.90228397559,316.8745593886207,0.4597832034399544,0.6237408996315486,0.6631902372693765,0.101748895829703,0.0239322891060213,0.3341014421092945
42.5418641962383,801.0407205101824,9725.744215188368,200.47720037185363,0.1847093563742224,0.5085433139097315,0.8519125091550426,0.0004459623962004,0.0937315652013709,0.0905317217662926
45.7271849782758,801.8472574385894,7963.797071825873,236.53308531592933,0.486483424816129,0.5478063589713114,0.6338567275615388,0.0625877706734815,0.0967297461895082,0.3271654120800691
46.62301835193821,802.1095935326085,8916.716872873209,247.27967716585007,0.3869916226119567,0.5583413969713903,0.6917106363867207,0.0768707181702149,0.1485403877624975,0.1615802552946155
29.46296609600176,800.5707866774319,4668.302571113381,87.64412835131276,0.4059590828225446,0.3520649198124866,0.6592733437089752,0.1209344970042833,0.2223088741078403,0.0627154657329302
39.692488646224135,800.626913816159,6853.208115197642,171.23517842309633,0.439806945524199,0.4743109953777666,0.6576618077520929,0.3357299877965493,0.0045010330919759,0.0995755080259487
29.51313829364677,800.5917905022342,6102.6769932799625,87.97726717740822,0.1758534563905623,0.3525349530102193,0.8599883126353673,0.0786262274133442,0.0452581075980567,0.0519690426115174
43.95439960356547,801.3712080487535,7915.011042046111,216.0595426914738,0.4771222405640752,0.5264946555452902,0.6638518457831954,0.0076720400142712,0.0069759405767458,0.4624736142891393
29.470986372743187,800.5894711667418,6162.476891779735,87.69726156510477,0.1718338263781327,0.3520649198124866,0.8700027476274033,0.0677254626871243,0.0147049068368351,0.0894033026147587
46.68814803992773,802.1401126374519,8131.908391686041,248.0869594963096,0.4641902006176435,0.5592587857376033,0.6296344597715885,0.0938817688246275,0.1802206357266611,0.1900874768388013
41.81766175323099,800.9185226654541,7094.836134444056,192.80950981408208,0.485063380711755,0.5003082284157652,0.6356226303685275,0.1287952056019919,0.0597665042547013,0.2965010651147135
39.6908505912443,800.6248760843484,7332.975932764905,171.22084216969247,0.3679113406847596,0.4743109953777666,0.7037318929054533,0.1526278045148053,0.1173366567232833,0.0979466900497449
49.602243412755605,803.3276208814218,8438.308637654029,285.2962389671883,0.4783997835888318,0.5950565284566087,0.6026523976272806,0.0155384290641896,0.3045690090604735,0.1582919816574239
40.27752317469865,800.6920763300321,7478.36175568304,177.02290083624644,0.3869916226119567,0.4814658190016382,0.7039682893562815,0.1752654482627078,0.0380545512154801,0.1736712239804952
44.81008528965367,801.5691976607495,7671.336458811689,225.77655637880284,0.4771222405640752,0.5364149338725628,0.627259714573599,0.1308863992365131,0.1283297127794584,0.217905680041419
51.11645457790903,804.165150578519,10019.62783680438,305.979284400472,0.439806945524199,0.6142331943834979,0.6872458554033111,0.0324657031168082,0.0082124218938295,0.3991280603825519
50.41878049317287,803.7195868373458,8907.41614903325,296.28540964458193,0.4641902006176435,0.6050299535569459,0.6224313001463434,0.1250382767630287,0.2006581812702395,0.1384934242811906
43.99140958098111,801.3617536123196,7537.709446061896,216.44623100947337,0.4771222405640752,0.5264946555452902,0.6315752068096109,0.1431655200959602,0.1006128752548248,0.233343519430038
41.6352491743226,800.8844186592025,6808.603039414173,190.8915083314135,0.4771222405640752,0.4979150649499217,0.61352800180765,0.1084582564600935,0.2082024675691431,0.1604611477426407
46.24634061007469,801.9834038713077,7658.900331044267,242.71157959672135,0.485063380711755,0.5537317616049957,0.6005784453474605,0.1464225898149052,0.2261741351927964,0.1124663152565163
50.22154801875584,803.6008295123735,10704.357982711852,293.57905388039217,0.3090857496293529,0.6024288843789349,0.7519799710653182,0.0476507046919614,0.1344744255836101,0.1269604573263922
48.86522066624659,802.9841894858757,8719.14130345821,275.5739106401876,0.439806945524199,0.5859087791747198,0.6353105224553071,0.0121686723282873,0.2780383148604698,0.1495996734260054
53.67084574723705,805.7183902685516,9206.979548549672,342.8195915851618,0.492529567491405,0.6457609040646682,0.591470658313859,0.0489166304082271,0.2943343256685123,0.149278223855891
51.90531942410943,804.5801463411668,9303.767517465732,317.0430412708404,0.4783997835888318,0.6237408996315486,0.6252145131911672,0.0903355720402425,0.1543599447090784,0.2337039596701423
41.68043744090646,800.8906611899863,10874.506899245464,191.3349410782297,0.02737737002409,0.4979150649499217,0.97865436197733,0.0106306944546339,0.0055920281512576,0.0111546343178912
29.474969661447,800.5971899476547,6348.801890758706,87.72396750805508,0.1358226232259242,0.3520649198124866,0.896158114192341,0.0693939338415434,0.009133122957145,0.0572954611808076
39.83737751530956,800.6373215570684,6349.362164122538,172.66501968239572,0.492529567491405,0.4762450425270138,0.606369158597504,0.1787068908547211,0.1549469476960876,0.1588755104945197
44.80709036606416,801.5701240083405,8421.888086906623,225.74492012412256,0.4033116728513117,0.5364149338725628,0.6886833320610504,0.0172290249580822,0.1363770917056647,0.2497049691672642
53.793044215095165,805.8109740158617,9296.712546427165,344.65925221981803,0.492529567491405,0.6473324843000074,0.5953981663197871,0.0544457111898285,0.2719321795390133,0.1661512453977506
45.75571351476293,801.8322006800329,7429.920515396308,236.84505745355756,0.486483424816129,0.5478063589713114,0.5909250506584431,0.0591228696940587,0.3131206223724971,0.114239464328369
48.80744707973444,802.9505759544586,9112.376433671476,274.8097761357114,0.4059590828225446,0.5851092890722692,0.6650345510853386,0.0400496762338283,0.2339452065522069,0.1319639266863231
49.58565191880206,803.3434335945853,8770.338720324322,285.0999756095868,0.4783997835888318,0.5950565284566087,0.6266091347105576,0.0267466606102316,0.1791808142376235,0.2724716825119357
53.77500340349527,805.81285982707,9765.290209746923,344.39875870393496,0.492529567491405,0.6471867688532992,0.6256826165040413,0.1848713910635389,0.0552968657168626,0.2523607307035072
52.252695304785306,804.740588592373,9846.12618776098,321.9567789788085,0.4059590828225446,0.6277188894184437,0.6558317211551633,0.0473058423020823,0.2763311988809276,0.0823217187639956
46.21738970454032,801.9996803073853,8131.823751567046,242.3922378820147,0.485063380711755,0.5537317616049957,0.6381355087268122,0.1157622798993894,0.0537186672578577,0.3155818891096785
41.37862246736345,800.8443782797334,7536.448634672606,188.21774624956157,0.3994590158201879,0.4947178706369951,0.6846930352338232,0.1423677938832402,0.1072441150470432,0.1498469359088625
50.23232921492766,803.5901896517124,10534.19257331627,293.7075187663342,0.3090857496293529,0.6024288843789349,0.7398438325114124,0.0659165125796314,0.1860221212450629,0.0571468916677755
29.465107874078,800.5762954099031,5235.829919315936,87.6581438824463,0.3209902047189629,0.3520649198124866,0.7393591604725123,0.1096402374645511,0.1249180938367682,0.0864316943829607
39.870700016819335,800.6496939265613,9637.365857030563,172.97771110744876,0.1008104195856781,0.4762450425270138,0.9194564070122068,0.0171302392272837,0.0413162894031465,0.0423638327070444
44.51683389873156,801.4898813319626,7511.490117347845,222.40572495341883,0.4771222405640752,0.5328299721657052,0.6195605192256342,0.1032532293885843,0.1806420698280753,0.1932263564306161
53.6634895771523,805.7290573471381,9548.175800446115,342.723710144215,0.492529567491405,0.6457609040646682,0.613489015347909,0.1250890391567958,0.1461564811948735,0.2212837562948915
46.68485796186323,802.1430197395398,8297.814621153439,248.0493354011766,0.4641902006176435,0.5592587857376033,0.6425368052919251,0.140804425890214,0.0922473402644878,0.2311379556835901
41.4744576345248,800.8584837443617,9640.784106621952,189.1980629560869,0.1550937286092824,0.4955963200192296,0.8732684638120211,0.0144212793340025,0.0836188434965377,0.0570535073494971
29.455681139009872,800.556272929617,4199.044084784752,87.59496567914957,0.4998041625644202,0.3520649198124866,0.5931862193913972,0.1868645616107406,0.1913216753837492,0.121617673650981
41.00885800729313,800.790711817775,9900.14207546076,184.3955228355996,0.1067578803265554,0.4898720610361128,0.9102216972939609,0.0511310824509401,0.0496732807050246,0.0059534435327523
53.66475811124304,805.7272300284463,9482.970453492357,342.74036215769496,0.492529567491405,0.6457609040646682,0.609282219063651,0.1095472698335723,0.1749614096212179,0.2080206387540653
49.20638526940191,803.1511266434418,8873.138710113368,280.0566661480372,0.4641902006176435,0.5902320294756103,0.6405308769762621,0.1113965388636747,0.1169810753501758,0.2358122076205104
53.66107719728114,805.7318979882793,9871.508005281608,342.6940880878395,0.4641902006176435,0.6457609040646682,0.6342935866202162,0.0589324451521184,0.1743997271868349,0.2308577516291749
29.513293171165696,800.5920937238915,6103.659309369571,87.97829387236291,0.1758534563905623,0.3525349530102193,0.8601213034843936,0.0819678447605968,0.0429223396578577,0.0509631898568361
51.33853413101434,804.2197436697746,10161.240567785631,309.0016039846502,0.3869916226119567,0.6164623852803995,0.6930369703182436,0.0625945387747296,0.1490468434378477,0.1753500027715658
52.09494473322427,804.6853270586435,10311.400781521508,319.73737380522886,0.4059590828225446,0.6260336104475968,0.6895602266859532,0.0723627966072935,0.0951599375433429,0.2384358547756825
41.634529183700806,800.8834649353596,6705.543515934347,190.88529465817751,0.4771222405640752,0.4979150649499217,0.6042502872787232,0.0473864186876971,0.285126949135551,0.1446084973056794
50.14083125380113,803.5558603743791,8184.9930787111425,292.484500167724,0.4998041625644202,0.6014012862112859,0.5762341403959698,0.1928363395410071,0.27309601988368,0.0338714435460683
45.48706688175567,801.744128649463,8601.833506375651,233.648592291409,0.3869916226119567,0.5443563238430197,0.689547044481376,0.1689863618870828,0.1133006465521264,0.1047044335356785
43.95986820551617,801.3699300575366,7878.711383625238,216.11648763769944,0.4771222405640752,0.5264946555452902,0.6607103190746169,0.0352202464518089,0.0089092024905864,0.4329919669975714
46.34952882882069,802.0232248908804,7667.870601752968,243.96765146524325,0.485063380711755,0.555088898296778,0.5994832093640209,0.0692591241222082,0.2702317355339165,0.1455719723264751
42.05357903277455,800.9568202878442,7905.369369964871,195.28620468218128,0.3869916226119567,0.5029481211156109,0.7030373547237195,0.0983203549921137,0.0811818682632818,0.2074890650364181
52.93289157011683,805.1563666828233,9573.085495785732,331.81108984743224,0.439806945524199,0.6361100905146677,0.6266695199170708,0.1555166921174633,0.2495691511855582,0.0347207063307377
53.79333779429786,805.8116236412726,9577.807345145737,344.65936636690293,0.492529567491405,0.6473324843000074,0.6134040361253695,0.160682417299859,0.128784816517705,0.2030621283501072
39.835185362871975,800.6361396165877,7074.812336129685,172.64459977392286,0.4059590828225446,0.4762450425270138,0.6756938467300525,0.0375704017914747,0.181888390932421,0.1865000336702006
47.73769361653969,802.5463681723694,8541.753994428675,261.14398433968967,0.4771222405640752,0.5723545166994268,0.6420284511463358,0.0783748451347723,0.0807418137509364,0.3180051376945429
43.58650026477671,801.2684612022075,7292.586224292548,211.92198957764904,0.492529567491405,0.5216418173343541,0.618551019771855,0.1184285307018706,0.1241765455284708,0.249924088566796
41.62757496640624,800.8830112677014,6650.446255170723,190.81639294932904,0.492529567491405,0.4979150649499217,0.5994062398658758,0.0428283279787971,0.2577006414781385,0.192000258712358
51.34772358173476,804.2087885641446,9854.42455351604,309.1151165631067,0.3869916226119567,0.6164623852803995,0.6719697117715058,0.0112377829733424,0.2800613173663324,0.0956921535072026
47.75297233443107,802.5356929256174,8407.091791114304,261.3165918646196,0.4771222405640752,0.5723545166994268,0.6316735166616367,0.1410468945114523,0.1011806355390861,0.2348943825650425
40.52581886595335,800.7217403887878,7230.558113132904,179.51484544123971,0.4059590828225446,0.4844987270195003,0.6751497818445276,0.0816867769595769,0.1625506275234673,0.1617214884093667
29.51227477047169,800.590085484701,5992.782253039961,87.97149121976021,0.194842579770816,0.3525349530102193,0.8445322091416516,0.088658830074899,0.0510603768289998,0.0551232840486259
42.55703838495759,801.0457938830681,8502.35105341911,200.64843075375825,0.3209902047189629,0.5088684119425426,0.7443723901363546,0.073486297738989,0.1179289033272157,0.1295748165826609
48.86522066624659,802.9841894858757,8719.14130345821,275.5739106401876,0.439806945524199,0.5859087791747198,0.6353105224553071,0.0121686723282873,0.2780383148604698,0.1495996734260054
39.890624617220816,800.6529640391504,9916.63877844192,173.1727293120689,0.0735009357173498,0.4764589273916116,0.9454877107941364,0.0293981233669002,0.0006089593908385,0.0434937529967416
44.52217242270149,801.4900583278192,7584.347876448258,222.4605165438305,0.485063380711755,0.5328299721657052,0.6254873048533863,0.2343711522704855,0.0576551905937689,0.1930364535055575
39.60554136217206,800.6062558780374,6637.112330651113,170.40311877572287,0.485063380711755,0.4737670574842808,0.6386858579481973,0.0560833643107551,0.0808065291029717,0.3481730429583473
51.9172186903567,804.5669554768983,9278.71648277379,317.1872689179308,0.4783997835888318,0.6237408996315486,0.6233736658299647,0.1667073364141688,0.1253783858361318,0.1863138118411652
49.20638526940191,803.1511266434418,8873.138710113368,280.0566661480372,0.4641902006176435,0.5902320294756103,0.6405308769762621,0.1113965388636747,0.1169810753501758,0.2358122076205104
47.73518508047988,802.5451150195086,8541.151793963929,261.1121414278815,0.4771222405640752,0.572323546757617,0.6420284511463358,0.0783748451347723,0.0807418137509364,0.3180051376945429
40.525821360156016,800.7226597347917,7322.592332721897,179.51421463231688,0.4059590828225446,0.4844987270195003,0.6837466204620933,0.1316916260604928,0.0945638354855764,0.1797033150799396
44.49915443390563,801.4964047577328,7744.574767867491,222.21866821860328,0.4771222405640752,0.5328299721657052,0.639087021564196,0.0598516228963525,0.1047107301784972,0.3125595484371696
52.99326415204214,805.323454108836,9759.551026451069,332.84487130603384,0.4888971269094848,0.6376986700783945,0.6377078846648555,0.0427793760466447,0.0789302934352748,0.3671870234049461
48.852635057713,802.9952322906747,8958.68068612454,275.4273266519131,0.439806945524199,0.5859087791747198,0.6529603217925581,0.0141247456781563,0.1888112128019221,0.2368706563364458
48.81152772455157,802.9461162001007,7964.123638138198,274.8591309702197,0.485063380711755,0.5851092890722692,0.5811721346940786,0.0625127529451012,0.3651604775655094,0.0573897235342079
52.27210784860896,804.8003879854753,9168.850762449129,322.2931716252656,0.4783997835888318,0.6282980722872813,0.6103408337090548,0.0191354870246254,0.2643281733425959,0.1949356751956732
48.37754390315464,802.7729736179606,8339.9680788277,269.2531008701365,0.485063380711755,0.5798653668702569,0.615891840666498,0.2017400965590501,0.1219479665008784,0.1613746847211841
47.82589248491939,802.5519811755006,10102.062605170957,262.2216473287829,0.3209902047189629,0.5731073660586923,0.7575193398353869,0.0289234201970713,0.074475494146728,0.217591037000876
40.52581886595335,800.7217403887878,7230.558113132904,179.51484544123971,0.4059590828225446,0.4844987270195003,0.6751497818445276,0.0816867769595769,0.1625506275234673,0.1617214884093667
50.2868941333798,803.6717495092767,9163.352720857789,294.51023257244617,0.4641902006176435,0.6035572630983418,0.6425368052919251,0.140804425890214,0.0922473402644878,0.2311379556835901
29.51309266804744,800.5919260040872,6105.747302369821,87.97699125917325,0.1758534563905623,0.3525349530102193,0.8604225525531776,0.0804963991225656,0.0421518193440918,0.0532051572827255
40.50734223298015,800.717957697595,6769.930881652291,179.33762975872042,0.4771222405640752,0.4844987270195003,0.632486506229127,0.0726886676183272,0.1312946547390464,0.2731384926521071
41.67544065576663,800.8902715779891,10607.953823328537,191.2858356116764,0.0589163587677416,0.4979150649499217,0.9548016469364484,0.0048504141471306,0.017359238821365,0.0367066633087583
44.52679638929412,801.4872213557644,7328.385084728763,222.5113433931419,0.485063380711755,0.5328299721657052,0.6042974160672003,0.1543268154066828,0.2036271023103995,0.1271090782219295
52.83159563802018,805.1287489106353,9489.4257667726,330.3701062698433,0.4783997835888318,0.6350924349354807,0.6227471207923643,0.2137225240948573,0.1050033409567726,0.1596735515551576
42.05488456541606,800.9558279818441,6760.510434528271,195.30766517937573,0.485063380711755,0.5030641080240013,0.6011741584395897,0.0147458638761166,0.2890339254976481,0.181283246087855
41.63452763353978,800.8857419198988,6968.966135417326,190.88318454921497,0.4771222405640752,0.4979150649499217,0.6279964572680099,0.1852676408465798,0.0974557088017482,0.1943986626086475
46.26504552531149,801.9743311050153,7438.301201664996,242.91651563268445,0.492529567491405,0.5537317616049957,0.5830057245008173,0.2599226140018426,0.2311547506010577,0.00145098043916
51.76521777946601,804.4570699121656,9165.608545168812,315.0038404392621,0.4771222405640752,0.6217044350250531,0.618236778982034,0.213972152300838,0.1319017791642099,0.131248037231735
53.77500340349527,805.81285982707,9765.290209746923,344.39875870393496,0.492529567491405,0.6471867688532992,0.6256826165040413,0.1848713910635389,0.0552968657168626,0.2523607307035072
42.55519987742281,801.0463285984389,8907.448022570687,200.62948364166985,0.285022870251009,0.5088684119425426,0.7798803389322672,0.0448832257385769,0.0805764060756918,0.159563078093305
53.76380709703095,805.8276151490702,9861.686160599977,344.25779403819234,0.492529567491405,0.6471867688532992,0.6320035226980457,0.1453219569611067,0.0434672379190793,0.3037399166844045
53.3517631712768,805.4854679346527,9632.773879321949,338.0434365307891,0.4771222405640752,0.6416744281447896,0.6238487449227911,0.1831961034471143,0.1192300158349672,0.1746958773798223
39.88872273735307,800.6520826572776,9913.559588420205,173.1548732054706,0.0735009357173498,0.4764589273916116,0.9452477665493544,0.0053328733838767,0.0138412682598849,0.0543266692131342
43.51190785823653,801.2432200723484,7035.330846550667,211.08146267734344,0.485063380711755,0.5205175601090881,0.5981143810456022,0.126198974212092,0.2486061265082786,0.1102578475470366
49.58565191880206,803.3434335945853,8770.338720324322,285.0999756095868,0.4783997835888318,0.5950565284566087,0.6266091347105576,0.0267466606102316,0.1791808142376235,0.2724716825119357
52.25476222017085,804.8225125366989,9596.299060649677,322.0760859821409,0.485063380711755,0.6282980722872813,0.6390403008148241,0.1030021029952548,0.0555747670521903,0.3264859474076971
45.85484684115762,801.8686396102563,7834.451459564013,238.02527385763176,0.492529567491405,0.5490649501305417,0.6213128916954521,0.2347809009969798,0.0521911743203721,0.2055572051847465
52.249778410032086,804.8279945854567,9664.508752106938,322.0154989872524,0.4783997835888318,0.6282980722872813,0.6436494399731176,0.0553129145923768,0.0796964429240194,0.3433899878369068
40.53737144730163,800.7252257307489,8309.47802156257,179.62481916523564,0.285022870251009,0.4844987270195003,0.7756317038554416,0.0619114793781612,0.0933053633909483,0.1298058063057448
39.86464046533604,800.6477712434868,8963.655713577062,172.92061504252325,0.1845920821114331,0.4762450425270138,0.8553376648291249,0.0772862073110432,0.038596143100239,0.0687096372277515
53.77820257514893,805.8082606568013,9655.274974738406,344.4400069412224,0.492529567491405,0.6471867688532992,0.6185912520745387,0.1658602962619966,0.1002593247320243,0.2264094261344733
41.680433682035634,800.8905757915907,10862.325239920256,191.335001542476,0.02737737002409,0.4979150649499217,0.9775575782387192,0.004222415741914,0.0142800556708274,0.0088748651578122
50.11673276744567,803.5787541139507,8504.875302068052,292.1981684045161,0.4998041625644202,0.6014012862112859,0.5990833842716443,0.1332153798886509,0.1886604470997364,0.1779280871612019
42.0571082039651,800.9571925969486,6891.473183009761,195.3286381434632,0.485063380711755,0.5030641080240013,0.6127859312147343,0.1038442126595935,0.1864258486367694,0.1947929484363124
51.76521777946601,804.4570699121656,9165.608545168812,315.0038404392621,0.4771222405640752,0.6217044350250531,0.618236778982034,0.213972152300838,0.1319017791642099,0.131248037231735
46.83275626572704,802.2222408654335,8269.990716264623,249.8972621024038,0.4888971269094848,0.5614348563092433,0.6376208660442038,0.0155783889405729,0.0929657643240062,0.3803524624439109
42.09983337518208,800.95987690309,10346.061740248862,195.7528493848532,0.0986825925838585,0.5030641080240013,0.9188618032207048,0.0029999380185093,0.0588018354857982,0.0368807488409393
50.26117348719524,803.6193293409605,8617.713634977912,294.11540163343903,0.485063380711755,0.6029083613076073,0.6047559268110128,0.2575102304037084,0.1497429604825532,0.0778098846459025
45.40344170328699,801.7231077826262,8532.776637474628,232.6670089339368,0.4059590828225446,0.5433820926796024,0.6856793487002157,0.2275138059046635,0.0369892217831668,0.1414558272117035
41.6328392006329,800.883618011447,6719.432483842928,190.8686255033072,0.4783997835888318,0.4979150649499217,0.6055314742554496,0.0457173662676485,0.2750841597107548,0.157597895398921
53.34455502724811,805.4946620227652,9644.798570044082,337.9541407331852,0.4771222405640752,0.6416744281447896,0.6247190753518759,0.1370749212059184,0.1379388974025734,0.2021081397816999
43.46522325609711,801.2538044868755,7687.802668407999,210.5978057326092,0.485063380711755,0.5205175601090881,0.6544258609003775,0.0302650560822262,0.0150152720561355,0.4397823439669126
45.84805323236592,801.871688155169,7891.91311093276,237.9513662096784,0.492529567491405,0.5490649501305417,0.6259783814882316,0.202484798228766,0.0450118359572989,0.2450326857938449
29.477875809077485,800.6030725765722,6681.529657827293,87.74370559046369,0.0712741353561394,0.3520649198124866,0.94300674368982,0.0028947800903472,0.0340593160944699,0.0343199713948103
39.61008397298491,800.6076248183836,6581.666704973911,170.44580488389536,0.485063380711755,0.4737670574842808,0.6332618086494141,0.0700568171887852,0.1009398830936668,0.314066125380151
47.82400288499264,802.5536493006548,10149.31850310143,262.2000691918322,0.3209902047189629,0.5731073660586923,0.7610984478737342,0.033940780414006,0.0540712079170775,0.2329779190606271
29.513293171165696,800.5920937238915,6103.659309369571,87.97829387236291,0.1758534563905623,0.3525349530102193,0.8601213034843936,0.0819678447605968,0.0429223396578577,0.0509631898568361
49.21239680608916,803.1450963140906,8397.638815048673,280.128137917506,0.4877298789165313,0.5902320294756103,0.6061170583221966,0.1006025776386417,0.2120578134009502,0.1750688012363487
53.35476918505507,805.4812133580969,9389.71069927962,338.08245132966266,0.485063380711755,0.6416744281447896,0.6080665474146644,0.1610635245689071,0.181413369542675,0.1425862875279013
53.15898032770514,805.4272965745823,9815.550436600586,335.2767608460352,0.485063380711755,0.639724395053405,0.6386858579481973,0.0560833643107551,0.0808065291029717,0.3481730429583473
43.49106439245332,801.2471090344229,7251.966314937566,210.86609779906345,0.485063380711755,0.5205175601090881,0.6168833039831921,0.0398325211434108,0.1979449136409847,0.2472856303405549
44.452164432226525,801.4636740597522,7431.593806504064,221.64696929970967,0.485063380711755,0.5317910502376686,0.614200363781138,0.3159176408907886,0.0733169643822597,0.0958283995883643
45.21905554207984,801.6870935920167,7818.968343096941,230.53630565968413,0.4641902006176435,0.5414828817492974,0.6316507554965138,0.0099179595298834,0.2121210524076391,0.2421508632247228
53.04128208837285,805.2633036026116,9433.110828173709,333.4425317370599,0.4771222405640752,0.6376986700783945,0.6157591142352008,0.1797059285730973,0.1614222911176296,0.1359931332429783
52.80175399779554,805.1649225506974,9682.21795086597,330.0013032591388,0.4771222405640752,0.6350924349354807,0.635794871045173,0.0694660236204351,0.1163641809581364,0.2912916292978248
48.44142466622592,802.8075873464355,8175.461961500393,270.0901807385199,0.4783997835888318,0.5807544965977945,0.6026523976272806,0.0155384290641896,0.3045690090604735,0.1582919816574239
29.51144281483528,800.5884227903477,6110.842786456477,87.96587571960984,0.1758534563905623,0.3525349530102193,0.8612000720623856,0.0574948914451352,0.0497649480535133,0.0685935178618986
45.94899744579784,801.8870692193788,8967.056409988238,239.13871390770024,0.3529465465376828,0.5500695856756206,0.7092203213013324,0.0108743304346291,0.2131479334873066,0.128924028011196
49.39994681926238,803.2383923522501,8663.131043259767,282.6150342110409,0.4641902006176435,0.5926132947089511,0.6220911967058607,0.008580212645094,0.2605877856500522,0.1950219207649334
52.25933620913342,804.8163271828575,9469.344797883588,322.1342411849449,0.4783997835888318,0.6282980722872813,0.6305201313789998,0.0455267980116709,0.1502361604857567,0.282636464389739
41.06280390900616,800.79823244142,10007.23955571458,184.94915680561283,0.0986825925838585,0.4905562024068648,0.91846940171622,0.0169244263257232,0.0538015397393733,0.0279565168699889
47.938351315189145,802.6102995993306,8681.508953005163,263.66268589877706,0.4641902006176435,0.5746404250360895,0.6489308507837852,0.1557329613393884,0.0528127689380241,0.2556439407991616
40.54988589653843,800.728571129364,9218.118770990652,179.74457461346938,0.1758534563905623,0.4844987270195003,0.8601294591118597,0.0354258085691437,0.0661525129533465,0.0742750083108617
51.76481902989059,804.4576246773408,9181.244881675944,314.99889510993404,0.4771222405640752,0.6217044350250531,0.619297071527521,0.2171039805615497,0.1250344838656636,0.1349835586423994
53.76380709703095,805.8276151490702,9861.686160599977,344.25779403819234,0.492529567491405,0.6471867688532992,0.6320035226980457,0.1453219569611067,0.0434672379190793,0.3037399166844045
51.874421905846376,804.5441789767311,10322.144411910189,316.5787500337978,0.4059590828225446,0.6232230542770133,0.6942442738831667,0.1330405488031929,0.0414002042455065,0.2315174217350738
52.2403471054054,804.7549663647613,9993.145686181062,321.8047137333118,0.4059590828225446,0.6277188894184437,0.6658006455846985,0.0121792425437628,0.2440499331903387,0.1497296219315223
53.67084574723705,805.7183902685516,9206.979548549672,342.8195915851618,0.492529567491405,0.6457609040646682,0.591470658313859,0.0489166304082271,0.2943343256685123,0.149278223855891
43.09077961199494,801.1567964326672,7189.159903291324,206.4491338052705,0.485063380711755,0.5155243512314918,0.6190918111785044,0.1659569750419408,0.1238403279343826,0.1952658802947767
49.59199223332062,803.3373170972523,8639.456717261271,285.17499457079623,0.4783997835888318,0.5950565284566087,0.6171662525582821,0.0202175287806013,0.2296600202171314,0.2285217612309349
51.124264128029054,804.1564347534388,9857.063156003676,306.0744574531752,0.439806945524199,0.6142331943834979,0.6759765200062895,0.0222320183581943,0.0696763006655744,0.3478981059743078
40.54069956161634,800.7249681231098,8181.294582074193,179.6574383099999,0.285022870251009,0.4844987270195003,0.763587379855787,0.0283076576965178,0.1703288895785908,0.0863860986987774
40.52965660674057,800.7224788243768,6913.684957408179,179.55148720736415,0.4393646042341693,0.4844987270195003,0.6454888359125024,0.1507058473159661,0.1594264963082228,0.1292320701755207
51.79539902635737,804.5390641560089,9464.35962285046,315.5064723659889,0.485063380711755,0.6225445844145403,0.6377861213051973,0.102624783226788,0.0620346864136505,0.3204035891007659
51.22701118863269,804.1999633789989,9161.599695100093,307.4942564936682,0.4783997835888318,0.6154092442161629,0.6266091347105576,0.0267466606102316,0.1791808142376235,0.2724716825119357
39.82061931870895,800.6315044579973,6496.140960274531,172.5075939450151,0.485063380711755,0.4762450425270138,0.6207001887723589,0.0426774904160992,0.1774379712484398,0.2649475809201669
46.86020262408343,802.2046407937648,7886.1696302505,250.2035733644113,0.485063380711755,0.5614348563092433,0.6076093253360164,0.0408542709514242,0.2438023944188107,0.2004053747186852
52.82056946061653,805.1421767185728,9616.790820903896,330.23316645598686,0.4771222405640752,0.6350924349354807,0.6312519468615199,0.1753361952468079,0.0861438744911718,0.2156418697570544
49.200126573299,803.1568451081691,9040.55601173525,279.9825241433514,0.4641902006176435,0.5902320294756103,0.6527146403815758,0.1331870261883069,0.0451669035195221,0.2858358180320188
48.387076514174815,802.764444060749,8057.125664852099,269.3640337558141,0.485063380711755,0.5798653668702569,0.5948647896255441,0.1595670256307735,0.2481702516443188,0.0773258001557085
52.80175399779554,805.1649225506974,9682.21795086597,330.0013032591388,0.4771222405640752,0.6350924349354807,0.635794871045173,0.0694660236204351,0.1163641809581364,0.2912916292978248
45.19315704423018,801.6992841760932,8293.942942117623,230.2563048439364,0.4641902006176435,0.5414828817492974,0.6704805113736745,0.0177102877571035,0.0140757253532299,0.432403606348581
42.55289527513818,801.0463756438243,8914.198696308684,200.60635690039643,0.285022870251009,0.5088684119425426,0.7805212198338125,0.0253987313570752,0.0871142292437533,0.1725097362967703
41.65269491223297,800.888385104963,9447.861770449275,191.06123264733137,0.2063607766112162,0.4979150649499217,0.8509400048060369,0.039338912646754,0.003367333993149,0.1636542182952911
50.24019851201788,803.6401189673389,8945.81889392051,293.8652717009359,0.485063380711755,0.6029083613076073,0.6280815399781335,0.2262264219205225,0.0487568545009726,0.2100798361856226
52.49604234515154,804.9969668930794,10384.889919193816,325.58481506899284,0.439806945524199,0.6314633046468086,0.6872458554033111,0.0324657031168082,0.0082124218938295,0.3991280603825519
52.80499642392645,805.160756859202,9632.499280854823,330.0416557380636,0.4771222405640752,0.6350924349354807,0.632486506229127,0.0726886676183272,0.1312946547390464,0.2731384926521071
45.84805323236592,801.871688155169,7891.91311093276,237.9513662096784,0.492529567491405,0.5490649501305417,0.6259783814882316,0.202484798228766,0.0450118359572989,0.2450326857938449
47.94631095691119,802.6025067585372,8542.184031264453,263.75634463438223,0.439806945524199,0.5746404250360895,0.6383846273544279,0.0133700741147564,0.2620670472783618,0.1643695110927986
51.13884061678551,804.139631478529,9199.307820106553,306.2525400619845,0.4641902006176435,0.6142331943834979,0.6306605742046145,0.0110457615725732,0.2165081581013953,0.2366360223253459
53.77725826819173,805.8324511192039,9592.191867359365,344.4585853872511,0.492529567491405,0.6473324843000074,0.6145237957929421,0.0569744751927488,0.1750398786155971,0.2605149346141254
47.92053758023632,802.622506403827,8964.09292081014,263.4613030777202,0.4462507701833343,0.5746404250360895,0.6703385932756675,0.030485233847419,0.0711856504139124,0.3445791721604222
42.04387350043846,800.9590542396339,8189.656176848732,195.1948151185684,0.3817902554672477,0.5030641080240013,0.7285025032478929,0.0281830226035119,0.0071290885347727,0.3464774844698699
46.68317683393107,802.1439778697707,8315.60291816684,248.0307006801442,0.4641902006176435,0.5592587857376033,0.6439412967834991,0.1347251671080869,0.0882645432047703,0.2412000321968274
47.7482587954789,802.5344250449452,8059.403889202763,261.26278754745806,0.485063380711755,0.572323546757617,0.6056166736615322,0.0197311001004855,0.2643285561940984,0.201003262445934
47.749990715043744,802.5335675518812,7997.805373129234,261.28207683194887,0.492529567491405,0.572323546757617,0.6009636512451795,0.0517556328879883,0.2454500013262831,0.1953236400878617
44.45179858047255,801.4628158048052,7317.288576818365,221.6440678206764,0.485063380711755,0.5317910502376686,0.6047559268110128,0.2575102304037084,0.1497429604825532,0.0778098846459025
39.77127390749859,800.6285037782867,6513.235273368507,172.0175987055855,0.4641902006176435,0.4754894776206841,0.6233688040856615,0.0725750085606658,0.2222024315890739,0.1694125327742149
40.50713471392446,800.717461769011,6673.284650664253,179.33577192499786,0.485063380711755,0.4844987270195003,0.6234603058151074,0.0658447828611918,0.1520536874988733,0.2671645373491225
47.084109486523744,802.309363532175,8504.645847954014,252.9898875660324,0.4783997835888318,0.5644637006583938,0.6510686838477961,0.0611741081156598,0.0396696578468082,0.377555600096051
43.4742721195579,801.2521407924077,7634.277127365918,210.69082330625952,0.485063380711755,0.5205175601090881,0.64970985399365,0.0807595350119509,0.0133481851356191,0.3909550306315099
39.61140176445388,800.6079775093223,6550.065237911329,170.4583524697645,0.485063380711755,0.4737670574842808,0.6301950444178347,0.065605070316407,0.1184998341357923,0.3009580921757637
29.30812967287161,800.618682850613,6689.587576452544,86.62281031259872,0.0593022739941665,0.3500239008042241,0.9511427597805476,0.0057061174054388,0.0338751249962001,0.0197209926466882
48.90812180170846,803.0001608538571,8286.556537076745,276.12698046658994,0.492529567491405,0.5863979999113165,0.6030956653625225,0.1675799938721715,0.1768777670327209,0.1480715245874034
44.44214956064744,801.4662669160564,7478.031543532645,221.5417428556384,0.485063380711755,0.5317910502376686,0.6182013331959796,0.2439608516206684,0.089290642035625,0.1518115979334613
41.62757496640624,800.8830112677014,6650.446255170723,190.81639294932904,0.492529567491405,0.4979150649499217,0.5994062398658758,0.0428283279787971,0.2577006414781385,0.192000258712358
41.03408026409291,800.7923803451333,7018.9934090820925,184.6713168812676,0.439806945524199,0.4905562024068648,0.6447423912558445,0.1623344301597888,0.155796171711786,0.1216761119230241
40.523625881073215,800.7219912284766,7744.465808844619,179.49319166057862,0.358986711232778,0.4844987270195003,0.7231859073300657,0.0553348154056534,0.099949080396988,0.2037024914733809
50.58743225456211,803.8411835994393,8773.136452554269,298.63205437651385,0.492529567491405,0.6073980677695701,0.6102525207138786,0.0539017821496641,0.1979325457852284,0.2406949239894261
40.06151268804775,800.668532856424,8121.868998963553,174.86656759488304,0.2779113714200453,0.4786349093379891,0.7700040212163102,0.1189252161334558,0.117827253161581,0.0411587469783543
41.03972849437613,800.7940446473028,8322.828913420853,184.7253335142785,0.3008344527452973,0.4905562024068648,0.7643865348701526,0.0816453019243373,0.0843232966418396,0.1348653252213282
40.5294811281752,800.720241553579,6233.036932343511,179.55177519163576,0.4877298789165313,0.4844987270195003,0.5819359833312666,0.0704974524187998,0.3480161618371653,0.0692158519344046
44.91905408826288,801.5937377267559,7355.21822421708,227.03308775727407,0.485063380711755,0.5376692399399462,0.5994832093640209,0.0692591241222082,0.2702317355339165,0.1455719723264751
39.77037316080908,800.6279557897163,6441.655108127671,172.0090904317442,0.4726129348320068,0.4754894776206841,0.6165348285820784,0.0738918825638186,0.2262342961578859,0.17248652428511
42.12845303314832,800.9642962897175,11069.497826826131,196.05027243970423,0.0213293640791254,0.503302735884534,0.9822601837116972,0.0053018550381069,0.0113953523938267,0.0046321384793956
43.08242192972619,801.1559903297916,7030.071172018095,206.36571877929555,0.485063380711755,0.5155243512314918,0.6055244017449802,0.0084448748007882,0.2704333057088335,0.2061849230856474
39.78273802808682,800.6327382855721,7431.325097817288,172.12465965409095,0.3561947903454422,0.4754894776206841,0.7109933176362667,0.0556901889014209,0.1705062890789282,0.1299981376451061
50.61512027870178,803.8131531917545,8386.845743160706,298.96398273705114,0.492529567491405,0.6073980677695701,0.5830186074484441,0.1080860298108312,0.3070095124506525,0.0774333924420589
46.32733970279219,802.0354297587096,7959.239499744881,243.7230015507131,0.485063380711755,0.555088898296778,0.6226129284953884,0.0157279877645648,0.1813489787822079,0.2879860459200324
41.280539118867736,800.8297197691826,9266.132695760089,187.1908772699687,0.194842579770816,0.4932587886175892,0.8445322091416516,0.088658830074899,0.0510603768289998,0.0551232840486259
48.44148841935764,802.809339285297,9586.66186542443,270.0879267651161,0.3783062224676188,0.5807544965977945,0.7066869388204361,0.0184317583550358,0.1332770007597029,0.2265970318035915
50.568424558033634,803.8606787888214,9013.502315799247,298.4046717318009,0.492529567491405,0.6073980677695701,0.6272402693085456,0.0141512781242755,0.1328688316191597,0.3455089933772649
43.092416249564366,801.1561233806665,7125.337876916853,206.4662382748604,0.485063380711755,0.5155243512314918,0.6135666315391597,0.1494796886904556,0.1597048987116351,0.1758786154721999
41.44156179524022,800.853374060104,9281.669270710374,188.85841971207097,0.194842579770816,0.4952353796129086,0.8416114131780683,0.0371096263002749,0.0914389315359357,0.0662939151174525
48.44142466622592,802.8075873464355,8175.461961500393,270.0901807385199,0.4783997835888318,0.5807544965977945,0.6026523976272806,0.0155384290641896,0.3045690090604735,0.1582919816574239
43.46276338137764,801.2541779701558,7705.944605448452,210.57242728231896,0.485063380711755,0.5205175601090881,0.6560142502575436,0.0185771422556019,0.0129174306868202,0.4535681981649871
50.56705554246846,803.8625539526987,9453.865611990715,298.3872881512286,0.4641902006176435,0.6073980677695701,0.6579075477265576,0.0120726470052201,0.0797596414614447,0.3723575159900419
29.39363030357339,800.5521498656273,4363.628377658569,87.18410112343162,0.4771222405640752,0.3513752314308903,0.6180981789592477,0.1309215467465544,0.1741201778771955,0.1720803079543081
40.06151268804775,800.668532856424,8121.868998963553,174.86656759488304,0.2779113714200453,0.4786349093379891,0.7700040212163102,0.1189252161334558,0.117827253161581,0.0411587469783543
52.70583832944384,805.0691829597372,9178.947400985391,328.5674804488181,0.4789746902209526,0.6336778983175002,0.6042635249841661,0.0165342744653539,0.2940032413889192,0.1684367872438535
48.44466051754433,802.8052687567533,8039.1917939536115,270.126620762733,0.492529567491405,0.5807544965977945,0.5925633291242562,0.0681063760191753,0.2792761797574064,0.1451466781202853
47.10306828150116,802.2982015108817,8463.352984636927,253.2009366636433,0.4723731221537497,0.5644637006583938,0.6476067180006565,0.1574057130533649,0.0299560144252141,0.2850103203373725
41.66692419501194,800.8894875727237,9448.988510755064,191.20154172723295,0.194842579770816,0.4979150649499217,0.8506942574469188,0.1221002496990209,0.0035293752382516,0.069212832513685
44.39684827117054,801.4760426176582,8306.81009925758,221.0576826076965,0.4393646042341693,0.5317029751087641,0.6875604117630751,0.0324330503332527,0.0082041621486577,0.3987266323857606
47.08816024931306,802.3230960385883,8531.965597185055,253.05464653469105,0.4878846121756893,0.5646614384690867,0.6530570149113315,0.0360147040317341,0.0091101659750248,0.4427588989439052
41.630714358973,800.8849312736309,7855.412217440182,190.8458821839928,0.3783062224676188,0.4979150649499217,0.7079530619772644,0.0176128834025054,0.1273558512107406,0.2333370754776936
47.3243537259421,802.376395726568,8276.544820693884,255.95091391931612,0.4641902006176435,0.5671623641417421,0.6293639289287001,0.0094590407751143,0.2237846672130516,0.2309461822333851
46.336741242965566,802.0308228386206,7925.290413883954,243.82577789935465,0.485063380711755,0.555088898296778,0.619812100642,0.0777527022928833,0.164340426960133,0.2429696606638835
50.26086093646325,803.619213810862,8588.024476456136,294.11258852904723,0.4807634786510435,0.6029083613076073,0.6026745822246262,0.2171033617618419,0.1954028467781713,0.0682570128182811
50.24276513872693,803.637311654715,8881.873760697346,293.8960362246885,0.485063380711755,0.6029083613076073,0.6235549183053611,0.2198751041370236,0.0745649024467348,0.1906226264834596
45.22275669495105,801.6851066239193,7487.022781593088,230.5768528432791,0.485063380711755,0.5414828817492974,0.6047739964391207,0.0116462552597312,0.2725844844298938,0.2008322588531332
43.0976976261422,801.1535523085854,6814.906771412069,206.52252476738732,0.485063380711755,0.5155243512314918,0.5867418689094893,0.0447738880059051,0.3461813468537413,0.0941077911156308
40.49949844958164,800.7164271336741,6823.437465999757,179.26178066964056,0.485063380711755,0.4844987270195003,0.6376365784559503,0.0729187347327014,0.0776352675104768,0.3345089515670581
47.084109486523744,802.309363532175,8504.645847954014,252.9898875660324,0.4783997835888318,0.5644637006583938,0.6510686838477961,0.0611741081156598,0.0396696578468082,0.377555600096051
48.38952487107289,802.7792377563305,8098.2681197326865,269.410297843813,0.4998041625644202,0.5800323224795293,0.597838928482085,0.1722432328143918,0.1753687374374855,0.1521919024662606
48.44603765952911,802.8038315251922,7962.790935349336,270.1431048325193,0.4921557799890755,0.5807544965977945,0.5869109210541763,0.0443546671794464,0.3207212734403252,0.1270788008777668
51.14002841977459,804.1399833117881,9493.932379053616,306.2634345845219,0.4641902006176435,0.6142331943834979,0.650850114683477,0.1367778325597959,0.052694357784541,0.2747177100356908
40.53032084795661,800.7223263947054,6452.365994807141,179.55833867056865,0.485063380711755,0.4844987270195003,0.6024045717704588,0.182339037797482,0.1990854827529089,0.1036386554914217
43.08558945700828,801.1487430645277,6909.050155465658,206.3806749435982,0.485063380711755,0.51525013486169,0.5950937888624158,0.1972846062870255,0.228166569345439,0.0596119712740729
44.19926316174324,801.415895714355,8802.669743562634,218.795847359707,0.3707871554948462,0.5290736692424833,0.7329680478116889,0.0496747885113279,0.0125655778737955,0.3085456260563001
52.50147408012957,804.9901844569474,10296.956742479188,325.65222739067536,0.439806945524199,0.6314633046468086,0.6813471545013594,0.0349990270434079,0.0364391754698723,0.3683679235662987
50.78901770882719,803.8913718109776,9838.024485791466,301.334459054811,0.3889335283554416,0.6094321530280997,0.6807974571320016,0.1315706719473962,0.1689597694193761,0.0884029138534209
49.89670080614302,803.4873967327261,8610.102703884244,289.25381061544454,0.492529567491405,0.5988382767335881,0.6100459037800604,0.0544278770921585,0.1987026638771262,0.2393987648844035
49.1395775850466,803.1148794482433,8163.41390597038,279.1752461997132,0.4998041625644202,0.5893675500610291,0.5903697125592036,0.0604169931309065,0.2686278410976376,0.1707589746255956
29.30892781043718,800.620363721635,6693.904625228971,86.6280845004834,0.0593022739941665,0.3500239008042241,0.951725160481232,0.0228744901278634,0.0223789549570872,0.0140488031803902
53.678353962739045,805.708541316368,9101.024400265684,342.91450375832954,0.492529567491405,0.6457609040646682,0.5845730502538039,0.0621589127012816,0.3222011697826051,0.1081690607556399
50.57358478786574,803.8552028399396,8923.717687149754,298.4666451561399,0.492529567491405,0.6073980677695701,0.6209195152160629,0.0144651244743332,0.1643158674469749,0.3137482368930127
45.22275669495105,801.6851066239193,7487.022781593088,230.5768528432791,0.485063380711755,0.5414828817492974,0.6047739964391207,0.0116462552597312,0.2725844844298938,0.2008322588531332
48.8887945229943,803.0149261245575,8296.12241295683,275.9052942844008,0.492529567491405,0.5863979999113165,0.6040605562157576,0.0191558466655565,0.2462651366145793,0.2271081357086443
45.21816199461201,801.6895334598958,8114.687976623787,230.52404381731048,0.4641902006176435,0.5414828817492974,0.6555647426180625,0.1409308071728362,0.0270435063025643,0.2962147705696079
52.525452445472105,804.9603569628609,9820.861950393268,325.9511893169666,0.439806945524199,0.6314633046468086,0.6495070455149207,0.0177168656154933,0.2042814080660761,0.217808257031378
29.39231709638481,800.5478351836791,4175.4433915563095,87.17575661391614,0.492529567491405,0.3513752314308903,0.591470658313859,0.0489166304082271,0.2943343256685123,0.149278223855891
40.55199582716545,800.7284436694378,9020.351200970545,179.76546463264654,0.1870324719985649,0.4844987270195003,0.8416197427414217,0.0191190887805597,0.1277278626913308,0.0401853690491389
47.084404652226326,802.3092540565218,8503.014512238862,252.99321606641087,0.4783997835888318,0.5644637006583938,0.6509390284721728,0.0627751124370187,0.0395174349675054,0.3761068202561681
47.07101522261914,802.317647532865,8642.036060837021,252.84356897769115,0.4783997835888318,0.5644637006583938,0.6618008592938586,0.0220406879461721,0.0055753429270563,0.4507832366691677
49.60545483413201,803.3243958232711,8089.67064215826,285.33464706629803,0.4998041625644202,0.5950565284566087,0.5777087315584444,0.0246925016377467,0.349794655212001,0.1253164275803833
48.38479340258903,802.7818161800686,8231.618559578148,269.35757031553936,0.4783997835888318,0.5800323224795293,0.6077475803905267,0.0623173384676636,0.2557037280966485,0.1603784115872027
42.94696289932009,801.1172492911396,10034.418733088529,204.85041608056417,0.1711198116356579,0.5133162372716883,0.8680499937087056,0.1170679477932008,0.0022963980076825,0.051755253283184
47.09929149695393,802.2980381706641,7851.425763551986,253.16214649444535,0.4998041625644202,0.5644637006583938,0.6008288377780129,0.0197957151779656,0.2366426893193428,0.2433652945830189
41.280539118867736,800.8297197691826,9266.132695760089,187.1908772699687,0.194842579770816,0.4932587886175892,0.8445322091416516,0.088658830074899,0.0510603768289998,0.0551232840486259
47.07625648623385,802.3142250184537,8546.973695324203,252.90265830250976,0.4783997835888318,0.5644637006583938,0.6544347391246246,0.0196095449941849,0.0436216006310365,0.4151681788383859
44.4011526013858,801.478795235571,8327.583262690798,221.1093258001794,0.439806945524199,0.5317910502376686,0.6891845931328439,0.0195921412821889,0.0049559662833714,0.4152583792408935
47.31008974456904,802.3863820905169,8557.957320151652,255.7893821449215,0.4641902006176435,0.5671623641417421,0.6509951385890137,0.0200192412667656,0.1103482811834139,0.3338222094498755
52.4962707712027,804.9967424575834,10383.04473374138,325.58767264333204,0.439806945524199,0.6314633046468086,0.6871203751894445,0.0332989139568444,0.0084231882807539,0.3980840636473307
50.78690691811619,803.8942111511722,9997.199425718103,301.30769285182083,0.3889335283554416,0.6094321530280997,0.6918489067119754,0.1787223668794775,0.09012658098234,0.1200843453109583
29.40138674755389,800.5674738827597,4806.574067035947,87.23617969023654,0.3889335283554416,0.3513752314308903,0.6806170680840044,0.0836376280439435,0.1938281133367256,0.1114675316566154
45.15333195398799,801.6410319820511,9649.02078729583,229.72689110427945,0.2557701089290015,0.5401654460674417,0.7811133740967264,0.0167998640346054,0.1908372262358068,0.0481326253174205
51.874421905846376,804.5441789767311,10322.144411910189,316.5787500337978,0.4059590828225446,0.6232230542770133,0.6942442738831667,0.1330405488031929,0.0414002042455065,0.2315174217350738
49.74047045212167,803.373551779604,9974.1959981418,287.1140686262296,0.3529465465376828,0.5965709687951072,0.7097468532595695,0.0077204151369632,0.2120922332365,0.1331336448206992
51.14891234047777,804.1288858302734,8725.935208056027,306.3743913827208,0.492529567491405,0.6142331943834979,0.5980748492913557,0.0669199033756585,0.2523118635568568,0.1732974991731444
41.27315190727534,800.8284743589387,9296.136359192224,187.11887919825944,0.194842579770816,0.4932587886175892,0.8474473570902828,0.0240771033832546,0.068775387159706,0.101989924894924
43.506780594062114,801.2444590288798,7146.63472154049,211.02789756294385,0.485063380711755,0.5205175601090881,0.6076640067382516,0.1324804488390057,0.1977175188872761,0.1548651526449262
43.48544254488004,801.2480602555102,7296.43940845264,210.8081341574241,0.485063380711755,0.5205175601090881,0.620761442928455,0.0115026335590178,0.1927190699029445,0.2808412997937066
39.60554136217206,800.6062558780374,6637.112330651113,170.40311877572287,0.485063380711755,0.4737670574842808,0.6386858579481973,0.0560833643107551,0.0808065291029717,0.3481730429583473
50.561594523235165,803.7761497857808,9309.107626394489,298.21491595412255,0.432687115265678,0.6066495596278735,0.6480753198391669,0.1806181166197336,0.1549091615066503,0.0971596521007769
51.54200697442039,804.3473479611756,8932.652254203955,311.87306397456854,0.4998041625644202,0.619076879669052,0.6059984837946798,0.1858677775443824,0.1277587479399783,0.1861773868540855
44.91905408826288,801.5937377267559,7355.21822421708,227.03308775727407,0.485063380711755,0.5376692399399462,0.5994832093640209,0.0692591241222082,0.2702317355339165,0.1455719723264751
41.25053255919968,800.826298721594,7336.672435588132,186.89734990683627,0.439806945524199,0.4932587886175892,0.6692623448709407,0.2231546912664885,0.0027862338421253,0.2138657625254317
29.39253689947833,800.5494826095195,4276.366069283412,87.1767035393841,0.492529567491405,0.3513752314308903,0.6057657288853191,0.1351492915487482,0.1797429015255987,0.1776371597147147
42.775082617153096,801.0811201275942,10916.911212441886,202.97890272105167,0.0593022739941665,0.5111295762640826,0.9494322684713894,0.0178078128816431,0.0363767294897916,0.0051176898008267
45.235589011071085,801.6806531830214,7456.03494575442,230.7136886732439,0.485063380711755,0.5414828817492974,0.6020728949957096,0.1101844109843735,0.2368209206869375,0.1380576714729873
29.402417564372445,800.5692917411961,4252.749143725619,87.24329562034323,0.4771222405640752,0.3513752314308903,0.6021669984549044,0.1744503011452076,0.2320115994728979,0.0706600628088275
29.3729267999442,800.5453037149001,5256.840760671493,87.04620227968844,0.3529465465376828,0.3511857525062125,0.7452938935048331,0.0507543523314173,0.0128386609337862,0.2893523449428464
49.78959565794679,803.4842193612882,9314.906314773289,287.86948788391004,0.4783997835888318,0.5979323620079865,0.6618008592938586,0.0220406879461721,0.0055753429270563,0.4507832366691677
44.42756937639255,801.4683968872968,7537.569935535665,221.390628505468,0.46313723721751,0.5317910502376686,0.6233557386717674,0.0080631441980754,0.2582090073957055,0.196864821033639
41.2595202406829,800.8251142601106,6544.158214817503,186.98696174246209,0.492529567491405,0.4932587886175892,0.5968046573254184,0.2120409867292109,0.1861023662185912,0.0943859694970734
41.27589342635399,800.8288528502585,8921.87455837907,187.1454893961492,0.2356932432660698,0.4932587886175892,0.8132652543595765,0.1010737264834874,0.0582103616458532,0.076409053881212
29.384781244899308,800.5335865874943,4310.219685492484,87.12478603766019,0.492529567491405,0.3513752314308903,0.6107602970300703,0.0489185879199636,0.1978851533083244,0.2457254386888333
43.499163589266864,801.2459517864021,7174.64299606764,210.94989584554668,0.485063380711755,0.5205175601090881,0.61017057690715,0.0756202509552558,0.2136146466415061,0.1958281425456775
42.94696289932009,801.1172492911396,10034.418733088529,204.85041608056417,0.1711198116356579,0.5133162372716883,0.8680499937087056,0.1170679477932008,0.0022963980076825,0.051755253283184
53.75957410483384,805.774245621327,9335.796587645436,344.140914007844,0.485063380711755,0.646832101945741,0.5984216876731571,0.0706935378412935,0.2748221200817414,0.1395471626949305
49.45457269192186,803.265898663241,8794.380904516249,283.34034391101346,0.4606120023404277,0.5933028585954309,0.6305822010087452,0.0265794304801513,0.2216559632285078,0.2123757364343065
29.385424671088696,800.5353625949425,4305.298197055716,87.12921356884837,0.492529567491405,0.3513752314308903,0.6100459037800604,0.0544278770921585,0.1987026638771262,0.2393987648844035
53.03405009124189,805.3422680069,9777.09583488361,333.43462579237604,0.485063380711755,0.6381547114369871,0.6382050975131776,0.05263531779441,0.0849343204893378,0.3474932753903894
52.15595138742051,804.7348502387204,8996.011680927952,320.63166463486994,0.492529567491405,0.6268911306484045,0.6006204999090282,0.0215818098665662,0.2622526394117015,0.2086948049531658
51.5430263692623,804.3459952785636,8887.457271911677,311.8857839308495,0.4998041625644202,0.619076879669052,0.6029182007989501,0.1756115524962042,0.148288296154003,0.1759040774957634
40.5119747965525,800.7193193482876,7122.666138372805,179.38146439708018,0.439806945524199,0.4844987270195003,0.6653518881520166,0.0855863968392081,0.0911222998894125,0.2630977477314428
49.050673774023714,803.0543726976435,10454.299742903022,277.9753415149528,0.3256183137167478,0.588046692139489,0.7579474650573466,0.134661644765541,0.003267300696273,0.1876890658378626
48.31143815152722,802.7424826776823,7868.872824754208,268.40702014802804,0.492529567491405,0.5790445261758161,0.5821557767773418,0.0567636911573015,0.3369852031727382,0.0987802857333754
39.60902446032016,800.6076580268474,6672.286553418079,170.43569394352787,0.4790488678206911,0.4737670574842808,0.6420026750291631,0.0740523543366476,0.0762887810672715,0.3287073129193253
53.49968896790417,805.6031810870778,9654.361945330782,340.2584493345593,0.4998041625644202,0.6436259547403118,0.6229003366726057,0.2628100754145965,0.0047780465796066,0.2322155983204866
41.2726527192574,800.828030653828,9267.610606549091,187.11419555993308,0.194842579770816,0.4932587886175892,0.8448579021744491,0.0035354991581346,0.0919934703202044,0.099313450272059
51.54911648479058,804.3395241941962,8861.56017921008,311.9593655753476,0.4998041625644202,0.619076879669052,0.6010824782162164,0.2108984055843558,0.1398234112657853,0.149082061790623
52.53150308205294,804.9523132725285,9020.34735599437,326.0279726799441,0.485063380711755,0.6314633046468086,0.5964838082310686,0.0255356380686316,0.3070904105067865,0.1524367342613957
42.12816520016129,800.9640297763099,11087.539879460895,196.0470814109308,0.0213293640791254,0.503302735884534,0.9838704713870638,0.0111630695834626,0.0004132766174968,0.0097529796258237
44.19926316174324,801.415895714355,8802.669743562634,218.795847359707,0.3707871554948462,0.5290736692424833,0.7329680478116889,0.0496747885113279,0.0125655778737955,0.3085456260563001
50.09563915577726,803.5762822639532,8645.401832769268,291.9239393680699,0.485063380711755,0.6012139896394046,0.6093084650038894,0.0580985280081896,0.2266858880270569,0.2002785043710023
51.37455575780454,804.2392457205083,9245.978483726776,309.5007658370311,0.485063380711755,0.6168931547825346,0.6300298779350697,0.2966596726484279,0.0037984141449406,0.1846049423421504
43.47667238602511,801.2503093157047,7366.474469612445,210.717158135536,0.492529567491405,0.5205175601090881,0.6268718824411483,0.0140773505056102,0.1347477334043537,0.343704021636653
29.393107441592736,800.5500060572987,4179.054031587583,87.18111661903428,0.492529567491405,0.3513752314308903,0.5919623836851056,0.0639545755779701,0.2843567459340727,0.1442178715583641
47.42383456624764,802.3963317921233,9108.67514804128,257.16914621272844,0.3837815142228276,0.5681670942387229,0.6907534016785898,0.0282700689842905,0.1888623213660397,0.1666488998931839
