Mode,quantity,blend_a,blend_b,delta_central,delta_rel_pct,spread_a_MC_p5_p95_width,band_b_P62_JetA1_p5_p95_width,ranking_claimed,paired_P62_sign_agreement_frac,paired_P62_delta_p5,paired_P62_delta_p95
TAKE-OFF,ff,HEFA-50,Jet-A1,-0.0005652418898964839,-0.023602573943340102,0.0,0.034149019475083975,False,1.0,-0.0005706626879885101,-0.0005616012908531643
TAKE-OFF,ff,FT-50,Jet-A1,-0.0017671470725244554,-0.07379003607757009,0.0,0.034149019475083975,False,1.0,-0.0017758150923449679,-0.0017588378478021304
TAKE-OFF,ff,ATJ-50,Jet-A1,-0.0038856072970423483,-0.16224971146427125,0.0,0.034149019475083975,False,1.0,-0.0039228352142277375,-0.0038606070403600203
TAKE-OFF,ff,HEFA-50,FT-50,0.0012019051826279714,0.050224522827744374,0.0,0.034149019475083975,False,1.0,0.0011971697650589696,0.0012062151176043922
TAKE-OFF,ff,HEFA-50,ATJ-50,0.0033203654071458644,0.13887245768282486,0.0,0.034149019475083975,False,1.0,0.0032990057495068557,0.0033521725262392276
TAKE-OFF,ff,FT-50,ATJ-50,0.002118460224517893,0.08860343420304302,0.0,0.034149019475083975,False,1.0,0.0020984504768785106,0.0021477004074414996
TAKE-OFF,tsfc_mg_Ns,HEFA-50,Jet-A1,-0.001818082630682838,-0.023602573942619807,0.0,0.10983923922492345,False,1.0,-0.0018355184560758353,-0.0018063727592332768
TAKE-OFF,tsfc_mg_Ns,FT-50,Jet-A1,-0.005683972571583595,-0.07379003607676403,0.0,0.10983923922492345,False,1.0,-0.00571185298282173,-0.005657246213595135
TAKE-OFF,tsfc_mg_Ns,ATJ-50,Jet-A1,-0.012497932766225794,-0.16224971146330402,0.0,0.10983923922492345,False,1.0,-0.012617675182456222,-0.012417520232688472
TAKE-OFF,tsfc_mg_Ns,HEFA-50,FT-50,0.0038658899409007574,0.05022452282765813,0.0,0.10983923922492345,False,1.0,0.0038506586203293836,0.0038797527101528837
TAKE-OFF,tsfc_mg_Ns,HEFA-50,ATJ-50,0.010679850135542956,0.1388724576825762,0.0,0.10983923922492345,False,1.0,0.010611147473455197,0.010782156726380387
TAKE-OFF,tsfc_mg_Ns,FT-50,ATJ-50,0.006813960194642199,0.08860343420288076,0.0,0.10983923922492345,False,1.0,0.006749599475360713,0.0069080103166174744
TAKE-OFF,T4,HEFA-50,Jet-A1,-0.0638066262213215,-0.003713005137544009,0.0,128.05787319536148,False,1.0,-0.0743642741520489,-0.0571526669058926
TAKE-OFF,T4,FT-50,Jet-A1,-0.13319462323192965,-0.007750798775004575,0.0,128.05787319536148,False,1.0,-0.15574775800569113,-0.11897778138530839
TAKE-OFF,T4,ATJ-50,Jet-A1,-0.4385036461785603,-0.025517197625294752,0.0,128.05787319536148,False,1.0,-0.5110422332875715,-0.3927802354823598
TAKE-OFF,T4,HEFA-50,FT-50,0.06938799701060816,0.004038106622979233,0.0,128.05787319536148,False,1.0,0.061815599876899795,0.08138507017636129
TAKE-OFF,T4,HEFA-50,ATJ-50,0.3746970199572388,0.021809757726731473,0.0,128.05787319536148,False,1.0,0.3356275685764672,0.43667795913552254
TAKE-OFF,T4,FT-50,ATJ-50,0.30530902294663065,0.01777093349450983,0.0,128.05787319536148,False,1.0,0.2738024540970514,0.3552944752818803
TAKE-OFF,nox_corr_g_s,HEFA-50,Jet-A1,-0.05445126247501264,-0.04615636353646811,0.0,3.287848721201115,False,1.0,-0.05517589638870888,-0.053699156908469096
TAKE-OFF,nox_corr_g_s,FT-50,Jet-A1,-0.1701931676169579,-0.14426658554622498,0.0,3.287848721201115,False,1.0,-0.1717574074417243,-0.16801349923564643
TAKE-OFF,nox_corr_g_s,ATJ-50,Jet-A1,-0.37406289198992226,-0.3170795688366719,0.0,3.287848721201115,False,1.0,-0.3790360667972692,-0.36889488730726117
TAKE-OFF,nox_corr_g_s,HEFA-50,FT-50,0.11574190514194527,0.09825196676744427,0.0,3.287848721201115,False,1.0,0.11443598700533571,0.1168308086265462
TAKE-OFF,nox_corr_g_s,HEFA-50,ATJ-50,0.3196116295149096,0.2717849799427691,0.0,3.287848721201115,False,1.0,0.31519573039879206,0.3238601704085603
TAKE-OFF,nox_corr_g_s,FT-50,ATJ-50,0.20386972437296436,0.1733626809316687,0.0,3.287848721201115,False,1.0,0.200825426766243,0.2072971577103324
TAKE-OFF,lifecycle_g_s,HEFA-50,Jet-A1,-3216.5957663387608,-33.942397259232045,2192.461012606176,135.1316996472051,True,1.0,-3237.280626640973,-3191.4278408575733
TAKE-OFF,lifecycle_g_s,FT-50,Jet-A1,-4331.63591575011,-45.70860553052888,908.7666527665629,135.1316996472051,True,1.0,-4359.486151293401,-4297.753540645632
TAKE-OFF,lifecycle_g_s,ATJ-50,Jet-A1,-3184.79905788621,-33.60686970518664,2372.2809796909237,135.1316996472051,True,1.0,-3205.1984872735857,-3159.8827914569033
TAKE-OFF,lifecycle_g_s,HEFA-50,FT-50,1115.0401494113494,21.672326500865886,2408.573579648574,135.1316996472051,False,1.0,1106.3256997880585,1122.2055246524285
TAKE-OFF,lifecycle_g_s,HEFA-50,ATJ-50,-31.796708452550774,-0.5053648661473334,3308.7339364061954,135.1316996472051,False,1.0,-32.04831602997187,-31.50504239597217
TAKE-OFF,lifecycle_g_s,FT-50,ATJ-50,-1146.8368578639001,-18.227391556333384,2550.369502008214,135.1316996472051,False,1.0,-1154.2074438807551,-1137.870749188729
APPROACH,ff,HEFA-50,Jet-A1,-0.00013177489076809934,-0.020369087974532515,0.0,0.0036710686034823192,False,1.0,-0.00013261030868335632,-0.000131566327644822
APPROACH,ff,FT-50,Jet-A1,-0.00045025156019373735,-0.06959758104748866,0.0,0.0036710686034823192,False,1.0,-0.00045216873917174885,-0.00045002539720619963
APPROACH,ff,ATJ-50,Jet-A1,-0.0009060203283373092,-0.14004798385372752,0.0,0.0036710686034823192,False,1.0,-0.0009117589757344613,-0.0009045917052956321
APPROACH,ff,HEFA-50,FT-50,0.000318476669425638,0.049262778775340556,0.0,0.0036710686034823192,False,1.0,0.0003181600925503958,0.0003196301227372411
APPROACH,ff,HEFA-50,ATJ-50,0.0007742454375692098,0.11984673882062775,0.0,0.0036710686034823192,False,1.0,0.00077302537765081,0.000779148667051105
APPROACH,ff,FT-50,ATJ-50,0.0004557687681435718,0.07054920554623119,0.0,0.0036710686034823192,False,1.0,0.00045395261417747746,0.0004598308550066876
APPROACH,tsfc_mg_Ns,HEFA-50,Jet-A1,-0.0014128325375049045,-0.02036908797530266,0.0,0.03935958618509883,False,1.0,-0.0014217895216180221,-0.0014105964152320016
APPROACH,tsfc_mg_Ns,FT-50,Jet-A1,-0.004827399594671711,-0.06959758104768814,0.0,0.03935958618509883,False,1.0,-0.004847954746131622,-0.00482497477438808
APPROACH,tsfc_mg_Ns,ATJ-50,Jet-A1,-0.009713952271801496,-0.14004798386201445,0.0,0.03935958618509883,False,1.0,-0.009775479529655452,-0.009698635202058669
APPROACH,tsfc_mg_Ns,HEFA-50,FT-50,0.0034145670571668063,0.04926277877476959,0.0,0.03935958618509883,False,1.0,0.0034111728589052426,0.0034269338772898285
APPROACH,tsfc_mg_Ns,HEFA-50,ATJ-50,0.008301119734296591,0.11984673882816502,0.0,0.03935958618509883,False,1.0,0.008288038786826667,0.008353690008037429
APPROACH,tsfc_mg_Ns,FT-50,ATJ-50,0.004886552677129785,0.07054920555433584,0.0,0.03935958618509883,False,1.0,0.0048670806708943195,0.004930104588867401
APPROACH,T4,HEFA-50,Jet-A1,-0.01612188241244894,-0.0016283368047200534,0.0,104.04602494894198,False,1.0,-0.02037376899367018,-0.014033610350588789
APPROACH,T4,FT-50,Jet-A1,-0.03353805072879368,-0.0033873986277243554,0.0,104.04602494894198,False,1.0,-0.04241066270109286,-0.029179220250756546
APPROACH,T4,ATJ-50,Jet-A1,-0.11083464503121832,-0.011194482575003521,0.0,104.04602494894198,False,1.0,-0.14006167886973345,-0.09647884795143682
APPROACH,T4,HEFA-50,FT-50,0.017416168316344738,0.0017591214114588535,0.0,104.04602494894198,False,1.0,0.015145609900167755,0.02204263010470413
APPROACH,T4,HEFA-50,ATJ-50,0.09471276261876937,0.009567216770697776,0.0,104.04602494894198,False,1.0,0.08244523760084803,0.11968790987606326
APPROACH,T4,FT-50,ATJ-50,0.07729659430242464,0.00780795800777781,0.0,104.04602494894198,False,1.0,0.06729962770068028,0.09765199920507257
APPROACH,nox_corr_g_s,HEFA-50,Jet-A1,-0.0025349167053292376,-0.03983368769044262,0.0,0.07736241387583576,False,1.0,-0.0025720544358287965,-0.002530852319679555
APPROACH,nox_corr_g_s,FT-50,Jet-A1,-0.008659325398319595,-0.1360726617965067,0.0,0.07736241387583576,False,1.0,-0.008781952723733699,-0.008658579358535378
APPROACH,nox_corr_g_s,ATJ-50,Jet-A1,-0.01741889015599707,-0.2737204851462737,0.0,0.07736241387583576,False,1.0,-0.017673861138553182,-0.017391112356734607
APPROACH,nox_corr_g_s,HEFA-50,FT-50,0.006124408692990357,0.09637010747648349,0.0,0.07736241387583576,False,1.0,0.00612169001420253,0.006208575443131581
APPROACH,nox_corr_g_s,HEFA-50,ATJ-50,0.014883973450667831,0.2345287506900273,0.0,0.07736241387583576,False,1.0,0.01486026003705505,0.015101806702724384
APPROACH,nox_corr_g_s,FT-50,ATJ-50,0.008759564757677474,0.13802562776771896,0.0,0.07736241387583576,False,1.0,0.008728407618653077,0.008912178992597487
APPROACH,lifecycle_g_s,HEFA-50,Jet-A1,-868.8709096405921,-33.94026079165476,592.2867719590893,14.52685165007506,True,1.0,-872.6509158864632,-867.7213406288843
APPROACH,lifecycle_g_s,FT-50,Jet-A1,-1170.0823035881076,-45.706327707424045,245.50294768267236,14.52685165007506,True,1.0,-1175.1728102913692,-1168.534711224446
APPROACH,lifecycle_g_s,ATJ-50,Jet-A1,-859.9581273793362,-33.59210532808723,640.9863803071675,14.52685165007506,True,1.0,-863.7001422337852,-858.8263221150071
APPROACH,lifecycle_g_s,HEFA-50,FT-50,301.2113939475155,21.671156911922793,650.6708426407108,14.52685165007506,False,1.0,300.8133705955618,302.52189440490594
APPROACH,lifecycle_g_s,HEFA-50,ATJ-50,-8.91278226125587,-0.5242681842084941,893.9114740164127,14.52685165007506,False,1.0,-8.956807445065987,-8.893437048763008
APPROACH,lifecycle_g_s,FT-50,ATJ-50,-310.12417620877136,-18.242141900728747,689.0879975910633,14.52685165007506,False,1.0,-311.472668057584,-309.708389109439
IDLE,ff,HEFA-50,Jet-A1,-4.600636851723183e-05,-0.01893310058555903,0.0,0.002449408933342473,False,1.0,-4.6375675498107336e-05,-4.585947541608237e-05
IDLE,ff,FT-50,Jet-A1,-0.00016518332960432924,-0.06797825377773355,0.0,0.002449408933342473,False,1.0,-0.00016639143359336306,-0.00016456144810645252
IDLE,ff,ATJ-50,Jet-A1,-0.00031634463285015735,-0.1301859926460057,0.0,0.002449408933342473,False,1.0,-0.0003188836062351749,-0.0003153344563873742
IDLE,ff,HEFA-50,FT-50,0.00011917696108709741,0.04907851591027034,0.0,0.002449408933342473,False,1.0,0.00011870007352574873,0.00012000356950599839
IDLE,ff,HEFA-50,ATJ-50,0.0002703382643329255,0.11139791654388628,0.0,0.002449408933342473,False,1.0,0.0002694749809712918,0.00027250793073706756
IDLE,ff,FT-50,ATJ-50,0.0001511613032458281,0.062288830200175824,0.0,0.002449408933342473,False,1.0,0.00015074662723791877,0.0001525241850631423
IDLE,tsfc_mg_Ns,HEFA-50,Jet-A1,-0.002113971810720372,-0.018933100585343164,0.0,0.11254923187711618,False,1.0,-0.002130941299390887,-0.0021072221393039214
IDLE,tsfc_mg_Ns,FT-50,Jet-A1,-0.007590099232841041,-0.06797825377772933,0.0,0.11254923187711618,False,1.0,-0.007645611064337121,-0.007561524059411617
IDLE,tsfc_mg_Ns,ATJ-50,Jet-A1,-0.014535892700886066,-0.13018599264568673,0.0,0.11254923187711618,False,1.0,-0.014652557378810193,-0.014489475548407248
IDLE,tsfc_mg_Ns,HEFA-50,FT-50,0.005476127422120669,0.04907851591048213,0.0,0.11254923187711618,False,1.0,0.005454214654371192,0.0055141097048371
IDLE,tsfc_mg_Ns,HEFA-50,ATJ-50,0.012421920890165694,0.11139791654378271,0.0,0.11254923187711618,False,1.0,0.012382253409103327,0.012521616079419307
IDLE,tsfc_mg_Ns,FT-50,ATJ-50,0.006945793468045025,0.062288830199860486,0.0,0.11254923187711618,False,1.0,0.006926739295593354,0.007008417270725431
IDLE,T4,HEFA-50,Jet-A1,-0.0076628478836937575,-0.0011453196513451032,0.0,110.8873768089286,False,1.0,-0.010711036117152161,-0.0063681346619546275
IDLE,T4,FT-50,Jet-A1,-0.016055167802960568,-0.0023996690877165277,0.0,110.8873768089286,False,1.0,-0.022330000199048072,-0.013376620692338293
IDLE,T4,ATJ-50,Jet-A1,-0.05268693607536079,-0.007874798530802411,0.0,110.8873768089286,False,1.0,-0.07364362706030078,-0.04378534326210684
IDLE,T4,HEFA-50,FT-50,0.00839231991926681,0.0012543795373294246,0.0,110.8873768089286,False,1.0,0.007008486030383665,0.01161896408189591
IDLE,T4,HEFA-50,ATJ-50,0.04502408819166703,0.006730008854095673,0.0,110.8873768089286,False,1.0,0.037417208600152206,0.06293259094314863
IDLE,T4,FT-50,ATJ-50,0.03663176827240022,0.00547556063245412,0.0,110.8873768089286,False,1.0,0.030408722569768544,0.05131362686125271
IDLE,nox_corr_g_s,HEFA-50,Jet-A1,-0.0002464966594366569,-0.037025731968231425,0.0,0.01892207701065063,False,1.0,-0.00025263796177522614,-0.00024525071717348414
IDLE,nox_corr_g_s,FT-50,Jet-A1,-0.000884825206906803,-0.1329076873680107,0.0,0.01892207701065063,False,1.0,-0.0009063902421115988,-0.0008804641434045247
IDLE,nox_corr_g_s,ATJ-50,Jet-A1,-0.0016940357305065268,-0.254457456120049,0.0,0.01892207701065063,False,1.0,-0.001736236078251996,-0.0016854752166969688
IDLE,nox_corr_g_s,HEFA-50,FT-50,0.0006383285474701461,0.09600955948494294,0.0,0.01892207701065063,False,1.0,0.0006351670667382903,0.0006537548759745438
IDLE,nox_corr_g_s,HEFA-50,ATJ-50,0.00144753907106987,0.21798640681729237,0.0,0.01892207701065063,False,1.0,0.0014402244995234848,0.0014835981164767697
IDLE,nox_corr_g_s,FT-50,ATJ-50,0.0008092105235997238,0.12185985022695751,0.0,0.01892207701065063,False,1.0,0.0008050830349804194,0.000830149430996785
IDLE,lifecycle_g_s,HEFA-50,Jet-A1,-326.34596458336034,-33.93931198886807,222.470997278297,9.692600179490228,True,1.0,-328.3468902090005,-325.0571243534216
IDLE,lifecycle_g_s,FT-50,Jet-A1,-439.4841146887636,-45.705447902860165,92.21442851927395,9.692600179490228,True,1.0,-442.1787944918829,-437.74839359470315
IDLE,lifecycle_g_s,ATJ-50,Jet-A1,-322.9443111929379,-33.58554700255077,240.78355402989513,9.692600179490228,True,1.0,-324.925920141363,-321.66947382633197
IDLE,lifecycle_g_s,HEFA-50,FT-50,113.13815010540327,21.670932827553283,244.4009886054889,9.692600179490228,False,1.0,112.69126924128152,113.8319042828824
IDLE,lifecycle_g_s,HEFA-50,ATJ-50,-3.401653390422439,-0.5326626515028067,335.7765179046738,9.692600179490228,False,1.0,-3.421003619507951,-3.387650527089653
IDLE,lifecycle_g_s,FT-50,ATJ-50,-116.53980349582571,-18.248890645496818,258.84967708168335,9.692600179490228,False,1.0,-117.25287435051986,-116.07891976837118
