blend,p_JetA,p_HEFA,p_FT,p_ATJ,ff,tsfc_mg_Ns,T4,nox_corr_g_s,Lifecycle_central,ParetoOptimal_central,Pareto_persistence,Lifecycle_P5,Lifecycle_P50,Lifecycle_P95
S000,0.7844852628186345,0.1048287996975596,0.1038047728625734,0.0068811646212323,2.3942924373080743,7.70116576811945,1718.4160904437808,117.91936536594956,7858.597928416476,False,0.0,7767.861589738853,7972.295706373066,8264.587374705312
S001,0.7194813331589103,0.0594590988166106,0.0573790795500761,0.1636804884744028,2.393288316626202,7.697936045758904,1718.2965937910053,117.82266502415165,7553.538160999274,False,0.0,7489.570560765386,7826.072566966107,8307.796421911757
S002,0.5837660101242363,0.18242211949284,0.1619839393254915,0.0718279310574321,2.393494015947241,7.698597671108065,1718.333677455966,117.84247143232108,6441.887735762695,False,0.0,6336.033290580098,6737.524022985995,7255.6813678765075
S003,0.8966424153186381,0.0225604561044295,0.0201847537605179,0.0606123748164143,2.3942629975632306,7.701071076112865,1718.401677089471,117.91652966364164,8769.92986784303,False,0.0,8746.337945687228,8870.618180817724,9051.022470991205
S004,0.990602001082152,0.003770446557911,0.0001143484852611,0.0055132038746756,2.3947839798129613,7.702746799013234,1718.4578254992807,117.96671676680512,9416.20521875967,False,0.0,9413.611350323983,9427.123247292871,9445.497887194497
S005,0.552306932862848,0.1007022655581456,0.2388710416199311,0.1081197599590751,2.3930325938342136,7.697113521500417,1718.291785556023,117.79804421684524,6070.470239929944,False,0.0,5971.947891125867,6356.747768315274,6754.514736792331
S006,0.6259404122829437,0.1763850192169122,0.0756983339356242,0.1219762345645197,2.393415770390536,7.698345996753951,1718.3134073892193,117.8349371202703,6908.681878325411,False,0.0,6828.01811857282,7264.662921383871,7807.820836849535
S007,0.8155256789177656,0.0045450615812098,0.1432762791952462,0.0366529803057782,2.3940346314932572,7.700336543883917,1718.392222341282,117.89453406305792,7971.8837165581845,False,0.0,7893.451831444916,8039.403997351876,8194.965051720019
S008,0.8718300126492977,0.0535823998713335,0.0354955740663599,0.0390920134130087,2.394341242730842,7.701322749215591,1718.4125401215988,117.92406648724489,8574.888560023872,False,0.0,8549.596364854448,8687.226165014592,8853.071991207391
S009,0.686701500788331,0.054275789591947,0.0971014742105082,0.1619212354092137,2.3931675389559053,7.697547568208953,1718.2882271404387,117.8110363231824,7254.0405427737505,False,0.0,7181.692498642534,7522.0557143314145,7997.908055764159
S010,0.5101007628254592,0.3503628063637687,0.0487145340873422,0.0908218967234298,2.3935568254516366,7.698799695888988,1718.325751062841,117.84851956787956,6222.10317063663,False,0.0,6029.245227248216,6667.740858975307,7664.886793074564
S011,0.9469927339814604,0.0056359936804519,0.0273160297047497,0.0200552426333379,2.394572494972542,7.702066564724444,1718.437559994539,117.94634281527404,9075.636095713711,False,0.0,9061.401004096222,9111.043912015295,9170.188550990353
S012,0.91595944063738,0.0337771608626735,0.0279327304257911,0.0223306680741554,2.39452079391037,7.701900269895854,1718.4318054787766,117.9413623182901,8874.726880523205,False,0.0,8857.418023137208,8943.28340877779,9044.69282808953
S013,0.603633547667414,0.0845049921968396,0.2388336088632351,0.0730278512725113,2.3933237883780123,7.69805013952482,1718.3246497636578,117.82608041760678,6398.28288075623,False,0.0,6299.531875028692,6619.995613913396,6946.40425172496
S014,0.7181687140837312,0.0657578417641873,0.1061517433141915,0.1099217008378898,2.393526855648146,7.69870329896563,1718.3299827000542,117.84563365714982,7433.016983294726,False,0.0,7377.629793339831,7658.599792739265,7994.9741473044205
S015,0.777863304130733,0.1055012808547337,0.0460552470213625,0.0705801679931707,2.394000276668661,7.700226042679065,1718.3754522689046,117.89122527304184,7948.709783903673,False,0.0,7899.969380633474,8157.113612337291,8481.310982376817
S016,0.7579551967792213,0.0736451358330775,0.08189663656897,0.0865030308187311,2.3937857578052246,7.699536049551305,1718.3559904957085,117.87056550780976,7741.6022502092865,False,0.0,7697.578648561173,7947.824529821086,8242.658207925555
S017,0.6990156783722341,0.1222164368983472,0.1354407848403573,0.0433270998890613,2.393877452668441,7.699830983173774,1718.3734404246652,117.8793961899576,7240.443461609402,False,0.0,7157.5734432818135,7434.128543066399,7784.274178405321
S018,0.6237323768436909,0.1241264682845378,0.1270998759642053,0.1250412789075659,2.393269383858754,7.697875149112317,1718.3036982929157,117.82084210466596,6780.0024783710405,False,0.0,6714.289264259298,7097.494491139677,7546.320996791003
S019,0.9349217284470795,0.0097430771424545,0.0088310498265934,0.0465041445838723,2.39442739704821,7.701599861847805,1718.418728861436,117.93236541763538,9040.754395345772,False,0.0,9021.787019491445,9109.847488328727,9245.947766431627
S020,0.9659010777249932,0.0185333854016181,0.0081330701406348,0.0074324667327537,2.394723989836132,7.702553843153423,1718.452117124794,117.9609372989738,9239.454973481012,False,0.0,9230.219897540817,9268.74655196365,9321.500542140759
S021,0.5302524594590068,0.0677588391678934,0.1949977777916884,0.2069909235814113,2.392456428676292,7.695260304524109,1718.2209416329536,117.74258066320262,6032.883515821942,False,0.0,5927.158197968243,6391.338814411549,6998.356234563704
S022,0.667495593894273,0.2366658883008721,0.0852778733926965,0.0105606444121582,2.394180305640589,7.7008051001635325,1718.4009753428209,117.90856477029932,7147.680830513745,False,0.0,6968.799488676888,7378.1763974433525,8011.756792797992
S023,0.8519758456386626,0.0302247735975268,0.0722337999620967,0.0455655808017138,2.394187398529517,7.700827914216054,1718.4000461309306,117.90924794768245,8365.49311387,False,0.0,8336.192346175665,8467.035395042873,8614.516464904504
S024,0.8356493008323014,0.0809902508280192,0.0118019156426166,0.0715585326970628,2.3941414382033503,7.700680084283177,1718.386843922185,117.90482114612404,8396.93497299623,False,0.0,8360.2538766313,8576.73401510423,8862.620478463083
S025,0.6448817164637148,0.0180427252500496,0.228589649496774,0.1084859087894615,2.3931593915306175,7.697521362273626,1718.3047351828957,117.81025189396652,6688.548217881019,False,0.0,6573.45211317189,6881.572999115663,7226.818911062585
S026,0.5323587702587247,0.1824354137338185,0.0925404885220149,0.1926653274854417,2.3928000146193833,7.696365437824623,1718.2461430302687,117.77565384006904,6273.94071731178,False,0.0,6187.146230186326,6731.094544451814,7424.635510408033
S027,0.971485204063356,0.0101663575661517,0.0166999628716722,0.00164847549882,2.39474817020653,7.70263161854873,1718.4559832763623,117.96326683269903,9255.920851211637,False,0.0,9245.400669009647,9269.91812830641,9299.883318682114
S028,0.8774574920535088,0.0480522366544441,0.0588514186429958,0.0156388526490512,2.3944474051098936,7.701664217144255,1718.4276219802837,117.9342927619002,8557.57888171732,False,0.0,8522.792614590177,8631.96962415188,8771.436582126464
S029,0.5638870503753424,0.113465963106373,0.0172680284609243,0.3053789580573602,2.392267910650726,7.694653942267532,1718.1761216775,117.72443606945068,6651.527531609996,False,0.0,6528.205365664763,7141.096474914006,8069.8739390169985
S030,0.7383534382097423,0.1219749986023546,0.0749678538116988,0.0647037093762042,2.393925183707866,7.699984508549776,1718.3708097778003,117.88399306000076,7629.703681066113,False,0.0,7568.930723257664,7852.72997050698,8203.34020009077
S031,0.8046770147047937,0.0181530428773055,0.0508608587583675,0.1263090836595332,2.3936485603037907,7.699094758134653,1718.3363897405734,117.85735329370648,8113.702700223092,False,0.0,8059.6726225336615,8294.371660319724,8654.945467784339
S032,0.8089467091485858,0.0989966174564898,0.0141231297280413,0.077933543666883,2.39406329316958,7.7004287332577555,1718.3783309959465,117.89729456795185,8220.364728964221,False,0.0,8179.286982515363,8425.280210637547,8753.22364767945
S033,0.7497069025412202,0.0584278588287713,0.1898886525246624,0.0019765861053459,2.3940787264363106,7.700478373871251,1718.4033814027907,117.89878101217997,7442.422082186039,False,0.0,7320.643849104363,7523.707822174778,7753.892435264904
S034,0.5730375894345343,0.1717688561277448,0.0951985104295363,0.1599950440081844,2.393056566683719,7.697190629411395,1718.2754500653684,117.80035219881552,6527.435849200176,False,0.0,6452.9773315594075,6930.348868354655,7534.968398381988
S035,0.8839338053949177,0.0181898744688364,0.0657755752225091,0.0321007449137366,2.394328589429463,7.70128205027254,1718.415127774546,117.9228476650234,8584.718255830572,False,0.0,8556.022780695665,8656.30301374646,8761.677204293945
S036,0.9779539494775236,0.00982191217141,0.0081906227432381,0.0040335156078281,2.394760090917486,7.702669961137801,1718.4562001358647,117.96441528070896,9316.691073719507,False,0.0,9311.079183497135,9332.834220349727,9360.712781159356
S037,0.5415170001797378,0.003384030586173,0.0786949626308132,0.3764040066032759,2.39162383149835,7.692582282079744,1718.1115796486486,117.6624546709114,6375.317544137252,True,1.0,6180.743027377595,6860.774088956981,7938.707830866923
S038,0.6562274936586618,0.1358908979034814,0.1671468352909263,0.0407347731469304,2.3937701175948143,7.69948574330996,1718.3655281886329,117.86905930819798,6894.363979074648,False,0.0,6793.434887419863,7100.7389163330645,7493.412240350216
S039,0.8399265669286251,0.0458501633288533,0.042280576563986,0.0719426931785355,2.3940704255639336,7.700451674378331,1718.3828699745184,117.8979815183582,8356.405344108796,False,0.0,8325.173244514268,8505.039072091255,8737.594657373922
S040,0.8474640529602766,0.050151475594655,0.0401677472721926,0.0622167241728756,2.394148692799893,7.700703418463052,1718.391424506548,117.90551988814444,8409.044721010603,False,0.0,8382.751426830702,8551.239684856835,8763.17951722776
S041,0.6563804447650909,0.0737570600833591,0.1038078394720056,0.1660546556795442,2.393089727588163,7.697297290409873,1718.28033376945,117.80354479562357,7044.396139398505,False,0.0,6974.091663078748,7345.777771552435,7838.74309157482
S042,0.5208560056053102,0.1458945318499344,0.176469098037131,0.1567803645076243,2.392823768467323,7.696441841323849,1718.259945638949,117.77794052516516,6010.57084998702,False,0.0,5921.435608924508,6395.39249221964,6943.054424820087
S043,0.9596745218150318,0.0187869236113604,0.0086482524597601,0.0128903021138476,2.394679402999625,7.702410431006406,1718.4471521824016,117.95664186791718,9198.54336995104,False,0.0,9190.042601804791,9236.361009162803,9294.240436589338
S044,0.9287027404643596,0.0357269590842851,0.0299498070388321,0.0056204934125231,2.394641498794564,7.702288513331708,1718.4456989996274,117.95299029197976,8951.266758600077,False,0.0,8926.505937623424,8995.617132087402,9092.711124056761
S045,0.6143282321281731,0.1138089078152664,0.1295404110489584,0.1423224490076021,2.393138083400617,7.697452825348564,1718.2892020237205,117.80820037206826,6715.175288354731,False,0.0,6643.336935861342,7047.854675267965,7521.777988935121
S046,0.6879082163795829,0.220524855580534,0.0011589433255519,0.0904079847143311,2.3938747649549708,7.699822338228466,1718.3553320714254,117.87913734486789,7471.572876515721,False,0.0,7362.186040685115,7809.006704565054,8445.939137546771
S047,0.7534358324483037,0.0137015514896828,0.1209240584820541,0.1119385575799592,2.3935177811601545,7.698674111162498,1718.330916764867,117.8447598456776,7626.946906145932,False,0.0,7553.655818912572,7798.057615554104,8119.396110850185
S048,0.7726209810934961,0.1541127306821663,0.0479075663437538,0.0253587218805837,2.3942905873253855,7.701159817708822,1718.4084681715372,117.91918717048294,7908.184564225787,False,0.0,7815.222313876298,8089.475855189551,8509.754360467401
S049,0.7077878783456981,0.0153805875034869,0.1392958913124686,0.1375356428383462,2.393251981109235,7.697819173719867,1718.3033505989602,117.81916651333378,7293.982274987424,False,0.0,7205.773587197909,7502.008227610617,7894.50388852538
S050,0.5954558756202459,0.1935759202511126,0.0554828060912813,0.15548539803736,2.3932072672152236,7.697675352896431,1718.2871948689358,117.81486137270946,6759.863441371541,False,0.0,6678.3127790721455,7170.806826466971,7811.5688386472075
S051,0.908510260283947,0.0200806000251036,0.0332771261572957,0.0381320135336536,2.3943944232294263,7.701493802604349,1718.4182490650226,117.92918913651894,8815.756889697584,False,0.0,8796.952700750562,8890.86716536488,9004.01536046493
S052,0.9395511215552688,0.0197331678825063,0.0158866788100469,0.0248290317521779,2.394559823587551,7.702025807615968,1718.4346135179906,117.94512213848978,9053.561648884735,False,0.0,9043.024296738198,9110.037979678456,9194.346465792218
S053,0.50191539991647,0.1796459232632082,0.1889143281817784,0.1295243486385433,2.392953532002183,7.6968592216225185,1718.2762409619424,117.7904327091588,5859.316995251459,False,0.139,5756.724266058309,6247.4438933042275,6810.573028543971
S054,0.6763283521868289,0.1128379161727825,0.1340350869182798,0.0767986447221087,2.3936327126107755,7.699043784532214,1718.3456278949095,117.85582719655936,7099.730904016841,False,0.0,7033.81373886168,7340.716911101439,7689.505850414044
S055,0.8665801179595292,0.0939672633868575,0.0259393094409171,0.0135133092126961,2.3945284152896513,7.70192478382086,1718.4324014078318,117.94209649900137,8560.995415307465,False,0.0,8501.411175306768,8667.792124334774,8923.59100898651
S056,0.8210179680027068,0.0554516406344788,0.0919061766816112,0.0316242146812031,2.394197805528585,7.700861387998933,1718.4038298366595,117.91025033913354,8121.617470299655,False,0.0,8081.086546034953,8234.847649767335,8407.458236978926
S057,0.6360750650055707,0.1125259342602918,0.0242280414657212,0.2271709592684162,2.392852006080758,7.696532666712845,1718.2429583325106,117.78065887212269,7095.141084404191,False,0.0,6999.2558148243115,7494.345652698433,8207.947794636222
S058,0.5607231287285686,0.2502428201406134,0.1581867145088807,0.0308473366219373,2.39374948572568,7.699419381556559,1718.3620112257208,117.86707241112724,6299.596243493911,False,0.0,6129.2209126568005,6584.7705478192565,7263.840898754862
S059,0.9978088149800896,7.520019705950841e-05,0.0009589694955969,0.0011570153272538,2.394819077792126,7.702859690551254,1718.4618997054913,117.9700981898594,9460.451620431102,False,0.0,9459.754247999992,9462.086326397735,9465.395460154325
S060,0.9038416612893344,0.0449198045919464,0.0126587552264197,0.0385797788922995,2.3944357618015135,7.701626766811786,1718.4201807842403,117.93317117893784,8831.807474441373,False,0.0,8812.458337706707,8929.983164717836,9084.67257964507
S061,0.592189896851778,0.0458301513200738,0.2963156186613021,0.0656643331668459,2.3932216611057013,7.6977216503890915,1718.320740934887,117.81624723607086,6196.040635593139,False,0.006,6052.206553395363,6365.317659762506,6683.720230147177
S062,0.7296082987450063,0.0978217778839109,0.0431532821776229,0.1294166411934597,2.393561636089728,7.698815169154017,1718.3255567854844,117.84898280643554,7648.349967094531,False,0.0,7598.70019010029,7923.282323520421,8364.791179017522
S063,0.7899851235561073,0.0402637001183115,0.1005516719513408,0.0691995043742403,2.3938921223083884,7.69987816760582,1718.370470186681,117.88080898096658,7904.923541634496,False,0.0,7860.834085095404,8052.006547192022,8269.550173609292
S064,0.795637677423656,0.068657865206781,0.0396464892728235,0.0960579680967395,2.3938663901721164,7.699795401004828,1718.3594899412783,117.8783307980928,8078.8342414964645,False,0.0,8040.64968119369,8282.67363388243,8603.429266357456
S065,0.7317658746615052,0.0726203218609505,0.1329782485714995,0.0626355549060446,2.3937920207324024,7.699556194058087,1718.3634702688664,117.87116864929476,7457.727980160589,False,0.0,7404.05938934599,7636.918596096972,7890.333127593538
S066,0.5861110636033118,0.23135679143535,0.0493340071444824,0.1331981378168557,2.3933595774390866,7.698165253906025,1718.3035702874297,117.82952641218036,6712.110489555909,False,0.0,6617.500790795876,7130.511332020096,7834.6191300817045
S067,0.902110390830785,8.940535926062612e-05,0.0858213117766483,0.011978892033306,2.394434741773356,7.7016234859236,1718.42976967533,117.93307292135728,8655.724714178985,False,0.0,8602.689482532822,8678.724678195074,8763.286693546133
S068,0.9956507771275938,0.0022472855813189,0.0015659570503468,0.0005359802407404,2.394819308873499,7.702860433817117,1718.4620063180116,117.97012045294716,9445.17474803434,False,0.0,9443.785990176453,9448.221849477348,9454.37804078492
S069,0.5550701129250228,0.0555523113685579,0.1449687744062372,0.244408801300182,2.3923561276604723,7.694937689484478,1718.2029938917565,117.7329266619463,6306.3013346446305,False,0.737,6191.16227477438,6689.581016629749,7380.090986516985
S070,0.6378068272024393,0.116823731537012,0.1660817220523194,0.0792877192082292,2.393495630412497,7.698602863984397,1718.3344029233613,117.84262689263733,6780.683718294297,False,0.0,6706.061639703406,7031.487866560095,7401.501937826133
S071,0.8270972929894924,0.0381070958284893,0.0151844390263271,0.119611172155691,2.3938041730629265,7.699595281644218,1718.3492239039228,117.87233896493424,8337.154699149785,False,0.0,8291.418475417375,8523.309864917837,8877.98098641523
S072,0.8605146389454603,0.0507299585098144,0.0506745814587024,0.0380808210860227,2.3942986705585576,7.701185817172191,1718.4097476078634,117.91996577090312,8468.13737312824,False,0.0,8440.725232066612,8580.37766633154,8739.751737295643
S073,0.674579918384552,0.1241570815033999,0.0359303449645967,0.1653326551474513,2.393278174312564,7.697903423328515,1718.292606104652,117.82168848156935,7312.802486446253,False,0.0,7245.506756988928,7660.415678897878,8217.083739135205
S074,0.5075546032749116,0.1287895665774136,0.1388342268193501,0.2248216033283245,2.392447290135076,7.695230910695804,1718.212469341388,117.74170105999806,6013.361657966764,False,0.0,5915.570630362762,6461.950526163677,7160.872134776487
S075,0.9417258645407856,0.0215333279524069,0.0178911125823063,0.0188496949245011,2.3945972327704106,7.702146133067528,1718.4391023577905,117.94872590765264,9062.740721288248,False,0.0,9052.526648033296,9113.408392028514,9186.43133818644
S076,0.9102591858245432,0.0540098322225374,0.0148756829574051,0.0208552989955141,2.3945555728421315,7.702012135227995,1718.433999568413,117.9447126513872,8867.140695349633,False,0.0,8841.345617398743,8950.652830326915,9103.276652068393
S077,0.6015218463726342,0.0683643912055819,0.1643775851445552,0.1657361772772285,2.392884391555148,7.696636833565211,1718.2651855697852,117.7837765584619,6556.614408416787,False,0.0,6463.171443216488,6861.805162295439,7351.37069755679
S078,0.7056126734241843,0.2141505595801595,0.0679348905006357,0.0123018764950203,2.394253514310438,7.70104057353079,1718.4069393630127,117.9156162225418,7431.669604708337,False,0.0,7271.858635749228,7640.57778141796,8214.73130436573
S079,0.7669813157990575,0.0329707447259699,0.1100176180319104,0.0900303214430621,2.393704906739641,7.69927599466042,1718.3505927294088,117.86277940679108,7737.087384566743,False,0.0,7682.699265968808,7902.381407633509,8171.872222694162
S080,0.7556718341074884,0.1500081723187735,0.0070447718439157,0.0872752217298223,2.393958005434462,7.70009007859356,1718.3655080639917,117.88715409818008,7894.062075554054,False,0.0,7824.506064061916,8162.186679035836,8621.441071687763
S081,0.6934870849363506,0.0334518614600625,0.131278744213536,0.1417823093900508,2.393226880922205,7.697738439763495,1718.2994548903662,117.81674980907496,7220.183746619758,False,0.0,7140.96047248593,7450.486272824994,7864.6448650689335
S082,0.612640580162406,0.1952041275696728,0.1238363626129806,0.0683189296549406,2.3936416445777016,7.699072513920714,1718.3452839899471,117.85668732367124,6712.431574160109,False,0.0,6611.81508820508,7003.407554293641,7553.655615447996
S083,0.9225754961371422,0.017711435750457,0.025162955189526,0.0345501129228747,2.3944536619474346,7.701684342064008,1718.423859926281,117.93489547611388,8924.167835796303,False,0.0,8908.715394990933,8990.909869494084,9094.68428695937
S084,0.9540961151942612,0.0130555968623026,0.0184734700649052,0.014374817878531,2.394639583345366,7.702282352350082,1718.4439604126846,117.95280576489084,9140.77953062784,False,0.0,9132.479997668217,9175.82338297704,9227.277766175765
S085,0.5186204658821225,0.3269833423793768,0.0899587447044766,0.0644374470340239,2.3936426687451644,7.699075808122948,1718.340908199743,117.85678594875128,6183.203585004175,False,0.0,5994.018735623611,6581.680733979474,7475.692539192224
S086,0.6625071973539889,0.1300732430306157,0.09356086300933,0.1138586966060653,2.3934680842574942,7.698514262649524,1718.3216799275472,117.83997442812606,7103.444895400978,False,0.0,7044.1002570110095,7405.939353358859,7841.230961603588
S087,0.8491512131877244,0.0134530710486849,0.0631003766619186,0.074295339101672,2.394015144786079,7.700273865507792,1718.3793908022917,117.89265724912327,8369.38215581567,False,0.0,8326.960617839048,8486.51679615692,8697.24093527193
S088,0.8382560783065856,0.0820896560778283,0.0791595811867425,0.0004946844288435,2.394454966389616,7.701688537761006,1718.4311691956495,117.93502113177064,8259.155958562511,False,0.0,8181.451553899728,8340.241838045411,8570.140447524382
S089,0.6500868950970471,0.0814631574064794,0.1024499749216863,0.1659999725747871,2.39308624725644,7.697286096033151,1718.2797609986264,117.80320972147544,7006.961588923906,False,0.0,6932.351005652624,7318.218637344884,7824.46517088604
S090,0.5437358347699046,0.1969926683744794,0.1931523818476215,0.0661191150079944,2.3934118316322484,7.698333327862693,1718.3285325311272,117.8345578610725,6114.630734761902,False,0.0,5986.841314769065,6417.794420692273,6978.35161005276
S091,0.9835461685433984,0.0018738342460488,0.0032657438433983,0.0113142533671544,2.3947298272479305,7.702572619003507,1718.452130405577,117.96149967240524,9364.080992340836,False,0.0,9359.274409320093,9380.401227623335,9412.89683428692
S092,0.8900739122182131,0.0442823335101016,0.0229644544566717,0.0426792998150135,2.3943681466392466,7.701409284784588,1718.4139150990532,117.9266580117271,8720.447441946932,False,0.0,8700.956270309063,8825.982282832363,8985.622238835884
S093,0.5747075863182545,0.0179844040557255,0.2485710471039598,0.1587369625220601,2.392698372680769,7.696038509749251,1718.255346913505,117.76586943436196,6196.068845233898,False,0.0,6059.913519274031,6444.506636402166,6918.989613496344
S094,0.7441151454113424,0.1147526476004397,0.0139171115701119,0.1272150954181058,2.3936629303068724,7.699140978794235,1718.33311382126,117.85873710098932,7806.763653836256,False,0.0,7744.2735809213655,8098.082556611135,8545.593818011921
S095,0.806728336494416,0.0535576439006132,0.117237055547318,0.0224769640576526,2.394181563576359,7.700809146274139,1718.405355719824,117.9086859328151,7972.60309829099,False,0.0,7913.864669408198,8072.928093083044,8248.693897293795
S096,0.7985504986718297,0.1044968847956173,0.0597549019374817,0.0371977145950712,2.3942126726503643,7.700909207625023,1718.401244196952,117.911682332243,8049.218099439976,False,0.0,7996.088044941231,8207.210985046459,8499.181780253342
S097,0.7366660377010703,0.0051529536301457,0.0866599472457013,0.1715210614230825,2.3931852673924734,7.6976045911634845,1718.2888441443274,117.81274321523271,7599.156056044427,False,0.0,7507.647313393669,7828.921155576341,8332.107070058168
S098,0.5694652167148888,0.1680938226593587,0.2421367166853769,0.0203042439403754,2.3936276346685736,7.699027451491996,1718.359386608221,117.8553382042042,6167.874951611236,False,0.0,6000.2689426702855,6380.153043781318,6867.013533107912
S099,0.8796932683326304,0.046210072746172,0.000954016228993,0.0731426426922045,2.3942067676026757,7.700890214226278,1718.3927795341572,117.91111356023367,8704.566751151868,False,0.0,8671.21104098856,8843.11283643208,9084.905250015006
S100,0.9731730963103472,0.0114465828866155,0.0042459048414983,0.0111344159615387,2.3947169371092825,7.702531158280959,1718.4508052992392,117.9602578444254,9295.136716009514,False,0.0,9289.991092323755,9322.15631062349,9364.076535631144
S101,0.5384857780300081,0.110985766327798,0.2562733234783625,0.0942551321638313,2.3930672838262215,7.697225100760586,1718.2980076119247,117.80138399701782,5941.927844693351,False,0.07,5835.253084600647,6220.350706310488,6622.641747642914
S102,0.6426454782485962,0.1497074076558864,0.0306325184646923,0.177014595630825,2.393177226133371,7.697578726708484,1718.2805106919132,117.81196900213529,7120.0183511714085,False,0.0,7039.487492590128,7515.385575173594,8122.716683755414
S103,0.8300706725567579,0.0210892452998982,0.0932835288461364,0.0555565532972073,2.3940455943466623,7.70037180555461,1718.386830429636,117.89558992954724,8178.168837186485,False,0.0,8136.973988751124,8287.510785384382,8459.098448151206
S104,0.8575673662126064,0.0835646217621318,0.0319120975511019,0.0269559144741598,2.394414452275708,7.701558225397152,1718.4203289671675,117.93111847680971,8490.444036312147,False,0.0,8447.301669994402,8611.899214855704,8843.11067419789
S105,0.6697142068296671,0.0804372134295093,0.1395096322484232,0.1103389474924003,2.3933891835109384,7.698260480898155,1718.3188652353651,117.8323771071155,7047.045827049325,False,0.0,6984.31776977428,7293.859656770125,7654.119948213093
S106,0.5241125929169357,0.2588222759247516,0.1055771165294485,0.1114880146288641,2.3932986587747647,7.697969310952234,1718.3041497039217,117.82366081171408,6186.68533599695,False,0.0,6068.256763143324,6608.2796301482895,7348.94294473412
S107,0.9642308442853392,0.0023161968476186,0.0148860220441514,0.0185669368228907,2.394631785947502,7.702257272266892,1718.442604311222,117.95205459469972,9214.235904366764,False,0.0,9203.538593926278,9242.02272889894,9294.731042920208
S108,0.9327026535756886,0.0210699560278022,0.0260025619505872,0.0202248284459219,2.3945583717361525,7.70202113778209,1718.4357914509262,117.9449822771958,8986.640919962554,False,0.0,8974.083374869433,9039.736790217128,9113.968240919046
S109,0.61814039433375,0.130626621545638,0.0632675177842936,0.1879654663363183,2.3929983957402055,7.6970035244145105,1718.264652998222,117.79475183946325,6890.34920311215,False,0.0,6818.554945581553,7280.197181747891,7899.553966056432
S110,0.7006864035502076,0.1114672264766204,0.0972567902789382,0.0905895796942337,2.393656973485627,7.699121818867421,1718.3434903947075,117.8581634680944,7339.279439814013,False,0.0,7284.624127609889,7592.861767317975,7956.3956216183515
S111,0.7640955550596118,0.0954360371008812,0.1348938862429121,0.0055745215965947,2.394203313083364,7.700879102874324,1718.410152603422,117.91078082283283,7657.95451711801,False,0.0,7555.011605166713,7767.201053063534,8044.27828765796
S112,0.7761317822150886,0.0591965400268497,0.0788662632793284,0.0858054144787331,2.393818215920838,7.699640450051808,1718.3592524528326,117.87369135262227,7865.222003179598,False,0.0,7820.5975899586165,8052.889567199847,8322.921910428444
S113,0.7120891525410116,0.0924384916495926,0.0642515254294039,0.1312208303799918,2.393479147640983,7.698549847672054,1718.3190433100312,117.84103973598846,7488.717670723975,False,0.0,7436.653555421233,7765.187561125591,8205.65469460438
S114,0.6057913489639759,0.1377262071024353,0.1259706364257841,0.1305118075078045,2.393215489837895,7.697701800701746,1718.2974656226395,117.81565305703342,6667.517260279218,False,0.0,6599.4279484001845,7008.550076222926,7484.78478033174
S115,0.9216126967221498,0.0242081334833809,0.0323776464257404,0.0218015233687287,2.3945200118190897,7.7018977543240545,1718.432306777706,117.94128697820426,8901.137525016959,False,0.0,8886.44054181347,8960.790457624309,9043.99711982503
S116,0.9530718037858604,0.0394202024419735,0.0034361631335048,0.004071830638661,2.3947431416100673,7.702615444227488,1718.4536560376016,117.9627823765212,9167.21644578173,False,0.0,9139.363005926161,9207.746653525617,9314.786715384334
S117,0.5118317930027843,0.0262168621268345,0.2870175357009619,0.1749338091694192,2.3924275224979072,7.695167328717238,1718.2298706894203,117.73979839564578,5707.304824992989,True,1.0,5555.4261911564,5995.106134455578,6521.845093777638
S118,0.6810487066395581,0.1295320171666582,0.1137591566370052,0.0756601195567784,2.393694351692022,7.699242044684157,1718.3498973685282,117.86176295553332,7175.261420904557,False,0.0,7109.362648641226,7425.992530052316,7807.604619755666
S119,0.8696726732887328,0.0307174417485659,0.0407204861356369,0.0588893988270643,2.39419458689685,7.700851035371856,1718.3966783319374,117.909940323389,8550.47510546085,False,0.0,8524.773528162183,8665.373636093163,8842.134146792741
S120,0.8177006435580552,0.0887439807122664,0.0407923781701894,0.0527629975594889,2.3941764157199716,7.700792588357144,1718.394636699485,117.9081900992747,8215.652640910443,False,0.0,8176.362170424345,8382.735281416582,8641.757964076085
S121,0.6315803141333163,0.0779262315298429,0.26178734227837,0.0287061120584707,2.393594724244088,7.698921596154281,1718.3582767308562,117.85216904172,6523.970872311004,False,0.0,6382.951951621267,6671.413616201209,6981.787437557094
S122,0.5505582438781857,0.2098347618408914,0.0141761318776439,0.2254308624032789,2.39279117335657,7.696337000182861,1718.2347611493185,117.7748027336569,6567.745747842979,False,0.0,6455.82297820252,7091.074759409393,7900.429326171391
S123,0.9845357900485396,0.002798707429544,0.009857861820376,0.0028076407015402,2.3947716768998393,7.702707227082975,1718.4577292369745,117.96553148601272,9355.24823227132,False,0.0,9350.951429263001,9363.322869190608,9375.451172522822
S124,0.8910029754042625,0.0385987479800413,0.0430703703323256,0.0273279062833704,2.394422933267512,7.701585504238583,1718.4227663158772,117.93193543095076,8680.638632466234,False,0.0,8657.431524645688,8764.353300691015,8884.15132991383
S125,0.5815915074199438,0.107552895540768,0.0767360479735207,0.2341195490657674,2.392618236557915,7.695780754449002,1718.2235340281925,117.7581555331737,6628.247230317705,False,0.0,6533.05872959412,7041.984579477592,7752.521302729335
S126,0.7255470524542034,0.1401878711690387,0.1149404051437891,0.0193246712329688,2.3941163035401765,7.700599239435271,1718.3976842437814,117.90240026280136,7455.380883726189,False,0.0,7356.22956461431,7623.906863405115,8003.011180397279
S127,0.7862334600649774,0.012428522670032,0.0358312626794731,0.1655067545855174,2.3934033509340056,7.698306049965506,1718.306720950082,117.83374126492684,8030.949877939258,False,0.0,7957.508211385412,8252.010325984604,8722.075823460042
S128,0.788501841481775,0.090316557545772,0.0926563305280784,0.0285252704443744,2.3941798600563455,7.700803666956061,1718.401903559797,117.90852185229758,7910.6069493368805,False,0.0,7849.87561523383,8046.620126212021,8304.043299298317
S129,0.7231547082774341,0.0678317609784735,0.0621276935067327,0.1468858372373595,2.3933926506070895,7.698271632702953,1718.3089990110184,117.8327109473749,7565.5515119486145,False,0.0,7506.134138720445,7828.415890770177,8275.377854562497
S130,0.5800623577088118,0.1633141932603337,0.1551175627083549,0.1015058863224995,2.3933091207422357,7.698002961539013,1718.3118972194875,117.8246681401527,6435.265855213587,False,0.0,6349.380934982471,6763.662224587946,7248.2231908027825
S131,0.8926561176776886,0.017054568755401,0.011114767832402,0.0791745457345082,2.3941568733787544,7.700729731035819,1718.3884950779898,117.9063078205649,8765.599275458599,False,0.0,8733.084614826532,8882.074934741848,9116.018336730356
S132,0.9866838892921804,0.0055241233400648,0.0024737502271833,0.0053182371405712,2.394775169830477,7.702718461983687,1718.4571439600688,117.96586799950948,9385.710402428795,False,0.0,9383.237519028613,9398.776663296869,9418.8382597602
S133,0.5485341371968389,0.0473800721153398,0.2518683987053429,0.1522173919824783,2.392704207926374,7.696057278631894,1718.2564424588384,117.76643114460356,6020.072291625577,False,0.0,5901.583838944726,6303.9026996857065,6773.964720852308
S134,0.6296829269267619,0.1673208409911602,0.011285373912442,0.1917108581696358,2.393111438163145,7.697367121786416,1718.270521685614,117.80563502425473,7080.745997368935,False,0.0,6986.896480370858,7510.772337942051,8179.850497611739
S135,0.819474068004638,0.05841856223392,0.1098989278180328,0.0122084419434092,2.3942818994581083,7.701131873458893,1718.4157091045429,117.91835033275665,8070.370799043643,False,0.0,8005.2448789559585,8158.166932849239,8340.004243853495
S136,0.8681492456234992,0.0940487331855335,0.0071427786616097,0.0306592425293575,2.3944613626113416,7.701709111005519,1718.4223390514185,117.93563727458483,8614.05813609882,False,0.0,8566.084469695144,8744.966892348144,9010.646190558651
S137,0.6826923121698201,0.0264534562806173,0.1594325761235563,0.1314216554260062,2.393215877387383,7.697703047242345,1718.301944580884,117.81569037084364,7087.332567629022,False,0.0,6996.963072537726,7302.335119114183,7688.813099793198
S138,0.514079193584621,0.2729809121291877,0.1944252848071463,0.0185146094790449,2.39369165177242,7.699233360478204,1718.3602874902408,117.86150295391964,5918.047462914426,False,0.017,5705.587584074033,6206.0511545027675,6940.574550997071
S139,0.9507042551413178,0.0104692560268323,0.0211505183554542,0.0176759704763955,2.394607349393411,7.702178672864874,1718.4406767414157,117.9497004897475,9113.158682162297,False,0.0,9103.617310830488,9149.844234060656,9203.646414392872
S140,0.9197248462587596,0.0226298173919431,0.0322489379102448,0.0253963984390524,2.394494276823624,7.701814978526467,1718.4293845983443,117.93880789864436,8889.48209839961,False,0.0,8874.914207227292,8950.885515821301,9041.08477113324
S141,0.6075590513646603,0.2061544666455401,0.115275844286817,0.0710106377029825,2.3936385914442195,7.6990626936136035,1718.3438044341435,117.8563933138537,6699.023425147798,False,0.0,6596.347972617497,7005.389837214607,7577.51549910362
S142,0.7142124562524259,0.1085270404202659,0.0782443288433417,0.0990161744839664,2.393661947306049,7.699137817003248,1718.3415311793224,117.85864243939972,7469.201260000414,False,0.0,7419.115936689532,7726.745774095189,8101.296075336049
S143,0.7741286563687027,0.0038603194683825,0.0999114339401461,0.1220995902227685,2.393524130071776,7.698694532235617,1718.3288477914084,117.84537120235107,7807.51446966104,False,0.0,7729.265928708154,7973.886699988592,8326.820777991305
S144,0.7618120340630412,0.089191619804854,0.0913373990170167,0.057658947115088,2.3939591659980515,7.700093811509619,1718.3768162596184,117.88726587202882,7743.614174083035,False,0.0,7694.879998758259,7927.389535304075,8194.091454204545
S145,0.7030938873067498,0.0436685523503656,0.1631063932901945,0.09013116705269,2.39350446079108,7.698631266617377,1718.335005239681,117.84347719047128,7207.783807875909,False,0.0,7135.148898859498,7397.3630994666,7679.145331413292
S146,0.6196849220432341,0.1102191112404732,0.1096638385855357,0.1604321281307569,2.393071577335135,7.697238910696045,1718.2790613578404,117.801797357954,6795.077092630345,False,0.0,6723.14888137851,7140.22299360566,7658.325798775051
S147,0.9310341333039104,0.0241316404308523,0.0249133096723736,0.0199209165928634,2.394561127288467,7.702030000928776,1718.4359580294213,117.94524772806284,8978.322642533993,False,0.0,8965.67527064463,9034.307017869362,9113.566124039697
S148,0.9620673670433462,0.0196403219637876,0.0058711539159648,0.0124211570769013,2.394691910572929,7.702450661219685,1718.4481957269554,117.95784682164526,9220.11893534635,False,0.0,9212.181008373289,9257.535355442007,9317.063204641558
S149,0.5261520775966346,0.0628882608264931,0.1883609629499027,0.2225986986269694,2.3923641083841165,7.694963359229331,1718.2096431559462,117.73369479469775,6022.33035708342,True,0.99,5904.397609100525,6385.314323235374,7042.190394814834
S150,0.6716267336159945,0.1941405159251978,0.0780681213280209,0.0561646291307867,2.393899103894458,7.699900623656224,1718.368277027737,117.88148136043164,7193.130271004839,False,0.0,7090.827968830873,7465.614193706294,7995.942838184495
S151,0.8557788021862507,0.0126801398777355,0.0676923284923603,0.0638487294436534,2.3940810489657647,7.700485844213689,1718.3874389660868,117.89900470576332,8401.15343226513,False,0.0,8360.429048055697,8504.619852620071,8689.939253012717
S152,0.8315789606422186,0.0527870534269749,0.0246554630392289,0.0909785228915775,2.3939768115493996,7.700150567866396,1718.3699659641832,117.88896532099386,8343.173280771585,False,0.0,8305.28931650349,8517.217433582775,8804.954632303617
S153,0.6410170122981071,0.1112650933208711,0.1539149093415273,0.0938029850394942,2.393432037014819,7.698398317835586,1718.32561185457,117.83650342399226,6829.370725028384,False,0.0,6760.986921188959,7096.744986014906,7471.4105894850445
S154,0.5362537554465234,0.2436189227546951,0.0484517303961373,0.1716755914026441,2.3930497516136304,7.6971687089542975,1718.2684855187597,117.79969607686468,6395.965595917018,False,0.0,6301.134547526349,6875.528716066636,7645.919532376382
S155,0.975525266956538,0.0017996454517012,0.0188448666786509,0.0038302209131098,2.3947330633724007,7.702583027895309,1718.454562428013,117.96181143963724,9277.243703094295,False,0.0,9267.43998027272,9286.002764768855,9305.461194179145
S156,0.8815657407976687,0.0685139509346615,0.0475807350553854,0.0023395732122842,2.3945676180817728,7.702050878359751,1718.4396975038185,117.9458730073875,8608.423757204915,False,0.0,8551.039914825426,8676.558405418626,8862.939118471088
S157,0.5677128923125565,0.0817567649209091,0.1516235952579206,0.1989067475086137,2.392656556017923,7.695904007777988,1718.2377812513369,117.76184413263074,6369.832741184178,False,0.0,6273.951197962169,6727.531098646491,7325.8000887623975
S158,0.7345578735694289,0.0918996496691417,0.1299979632059594,0.0435445135554698,2.3939292516615653,7.699997592994018,1718.3785658995412,117.8843848396077,7481.184435084747,False,0.0,7416.9277262850055,7648.187839191166,7924.845746527593
S159,0.8005384849384427,0.0631092176897935,0.0040858091151961,0.1322664882565675,2.393716728066549,7.6993140175839,1718.337882487709,117.86391780585062,8191.863770935682,False,0.0,8138.794595270374,8417.938613185182,8834.369531074402
S160,0.8050598311237991,0.0779265478676701,0.0472172732232683,0.0697963477852624,2.3940334254137814,7.700332664567503,1718.3793481089629,117.89441790207668,8120.992952453788,False,0.0,8086.330387839284,8301.161080967395,8567.649554792386
S161,0.7456596880219877,0.0514158197101103,0.1469203460663474,0.0560041462015545,2.3938182811036812,7.699640659710294,1718.3682831516626,117.87369763002847,7515.560850814163,False,0.0,7455.023217892549,7665.698478277351,7879.0106961113615
S162,0.5771150849759579,0.1639133109956118,0.0202404410067004,0.2387311630217298,2.392718249469006,7.696102442808802,1718.2273350895466,117.7677828117227,6725.755352112254,False,0.0,6614.875609893828,7200.770071159078,7994.734086971169
S163,0.8877904061228037,0.0205273393202563,0.0629260467973126,0.0287562077596273,2.3943620445585725,7.701389657635381,1718.4185264227776,117.92607022511716,8615.701253257806,False,0.0,8588.326091424711,8684.967850267363,8780.95703095451
S164,0.9817576194182038,0.0059825823554221,0.007955842623156,0.0043039556032179,2.3947631573995265,7.702679824380116,1718.456515159643,117.9647107082,9341.705201948012,False,0.0,9338.017849301652,9355.014901517701,9373.76202317124
S165,0.5456483764573932,0.1350708063954536,0.0916029938345434,0.2276778233126096,2.3925847414604173,7.695673018529099,1718.221723769738,117.75493136910056,6363.672197884399,False,0.0,6271.7183509628685,6812.092467822453,7521.552947297371
S166,0.6521263946779072,0.1670642415386669,0.1651802669860759,0.0156290967973498,2.3939371056758794,7.700022855182188,1718.3841176813607,117.88514125184626,6870.823578619341,False,0.0,6733.980833783268,7062.228401123579,7528.315462980403
S167,0.8360926159657538,0.0204844897847089,0.0404876143385997,0.1029352799109374,2.393864357109631,7.699788861723752,1718.3593719876435,117.87813500118526,8337.543438113298,False,0.0,8294.366008014447,8489.59459089062,8779.774026137284
S168,0.8515033987350762,0.0464409972097264,0.0511889516027413,0.050866652452456,2.3942022251396744,7.700875603537905,1718.3989288535904,117.91067603278982,8409.759198366188,False,0.0,8383.089319750698,8533.387515263603,8713.449008771142
S169,0.6602751896716654,0.139319490466851,0.0664362048733485,0.1339691149881349,2.3933971132003538,7.698285986492863,1718.310073815695,117.83314064288578,7150.848331679813,False,0.0,7089.013874470075,7482.529105696571,7984.557458140888
S170,0.5169920148327947,0.1951211329662705,0.1572097403132648,0.1306771118876699,2.3930390653233995,7.697134336840349,1718.2816932129283,117.79866725617798,6026.997227596139,False,0.0,5925.852108992466,6424.943376577324,7011.191169658122
S171,0.9556044181808828,0.0164711732086277,0.0267957403716172,0.001128668238872,2.3947093826418597,7.702506859575792,1718.4529438888262,117.95953005467862,9131.150422848545,False,0.0,9111.71682892483,9151.009205562728,9199.265399749147
S172,0.9245634973049164,0.061309620244716,0.0032470452594362,0.0108798371909313,2.3946660748762088,7.702367561519744,1718.4449311265516,117.95535787070956,8984.591813909405,False,0.0,8946.229469814913,9053.374725591008,9225.301662201087
S173,0.6105324309319258,0.0048510702282208,0.2282924590405407,0.1563240397993126,2.3928035454732384,7.696376794704118,1718.2645305257251,117.77599373945284,6471.403338101786,False,0.0,6326.680624908951,6699.1933046423,7162.27071170368
S174,0.6917347754351795,0.1367744672979398,0.0840034020370253,0.0874873552298553,2.393699339621012,7.699258088199636,1718.3465153363504,117.86224329264248,7311.104683053796,False,0.0,7243.279338576521,7582.376732501805,7983.005901739179
S175,0.7575443214736879,0.0510536751874086,0.0683209878939636,0.1230810154449398,2.3935748049689485,7.698857526436885,1718.3303796404675,117.850250903178,7771.439755799449,False,0.0,7719.401561712949,7989.383889906321,8355.816443158525
S176,0.7686344431713223,0.1539603509763469,0.0444639027107909,0.0329413031415397,2.394243940025863,7.701009778147684,1718.402745813171,117.91469401663235,7890.67888398103,False,0.0,7804.8457293163265,8083.754955529916,8504.229711754242
S177,0.7040835088118911,0.0702151071907713,0.1312331152684828,0.0944682687288547,2.3935533634752635,7.698788560551709,1718.3362997788042,117.84818619873876,7285.536802904376,False,0.0,7228.938221741749,7499.823808544172,7811.684193240194
S178,0.5991294872947037,0.2436501741838086,0.0705080643336448,0.0867122741878428,2.3936323198687117,7.699042521289725,1718.3371613959434,117.85578937650574,6745.679510165658,False,0.0,6625.847607034553,7108.466050881916,7794.6097269451175
S179,0.9125275523401796,0.0031643015065459,0.0364163715837678,0.0478917745695066,2.3943265065676713,7.701275350813618,1718.4109987894865,117.92264703510928,8835.140028882965,False,0.0,8806.686605621991,8903.150388639935,9041.329381559146
S180,0.9434992740862072,0.0179271276448394,0.0184146532261453,0.020158945042808,2.3945892693803934,7.702120519075847,1718.4382728494502,117.94795875943312,9073.054034725339,False,0.0,9062.371962405012,9121.564150271486,9191.468048576922
S181,0.505657201167196,0.1125275406009642,0.0119368502204694,0.3698784080113703,2.3917869018881084,7.693106792822021,1718.121139186158,117.67814584713636,6293.3070834731325,True,0.498,6145.4913644030785,6859.043503636448,7990.399034457256
S182,0.6725557968020439,0.1191316898405657,0.0891354119991116,0.1191771013582787,2.393454726555129,7.69847129802312,1718.3195855827155,117.83868820352924,7178.256879290403,False,0.0,7122.718994253208,7474.721125018912,7904.113305233344
S183,0.86266272328794,0.0399331880365605,0.067346415908759,0.0300576727667403,2.394314356232248,7.701236269644634,1718.413729402172,117.9214766675711,8444.258004774081,False,0.0,8417.300495138385,8535.908130103076,8668.679347971178
S184,0.8247297294437885,0.0831087818552979,0.0537299796270974,0.038431509073816,2.3942485451927693,7.7010245905211505,1718.4044945399146,117.91513759107276,8231.141190735627,False,0.0,8189.8100058470245,8372.522467246628,8609.137843055669
S185,0.6400542128831148,0.0214216388879342,0.1145646333793277,0.2239595148496231,2.3926608396205262,7.695917785850062,1718.233354312079,117.76225647217532,6919.021532138928,False,0.0,6804.359146941429,7235.046121795787,7886.600457856257
S186,0.5567137035541236,0.1472503154603911,0.2562041059612571,0.039831875024228,2.393449641089268,7.698454940783312,1718.34115885679,117.83819852147084,6055.762886985665,False,0.0,5910.834193831614,6286.619803453287,6739.977409505643
S187,0.994127334561199,0.0021290496404877,0.0005212439011544,0.0032223718971588,2.394802227518594,7.702805492180278,1718.4599394309275,117.9684747883922,9437.854150431911,False,0.0,9436.470200332245,9444.214451326356,9454.826772246815
S188,0.9001072500832379,0.0417839276701622,0.0237921817141531,0.0343166405324466,2.394433114227748,7.7016182509746445,1718.4213586087976,117.93291614273502,8782.670306580398,False,0.0,8764.835608669786,8875.181079205788,9012.022101758317
S189,0.5882343524135649,0.1286525876358978,0.2691546447388091,0.0139584152117281,2.393626069468196,7.699022417074534,1718.3627919459118,117.85518747976238,6227.889380959106,False,0.0,6049.025498263131,6406.544496711571,6813.572205153116
S190,0.7335335621610284,0.1150016182171941,0.0299029269020913,0.1215618927196861,2.39365012463101,7.699099789743648,1718.3337877909344,117.8575039354184,7702.697319287126,False,0.0,7646.07401123242,7987.397738079229,8426.954419320731
S191,0.7937498120591044,0.0381090561746431,0.1270935115577414,0.0410476202085109,2.394019718794106,7.70028857765957,1718.3883929723024,117.89309778206552,7868.215328100517,False,0.0,7814.531168546119,7982.178781089866,8145.143473312438
S192,0.791529546957463,0.0930220219484936,0.0238691390516612,0.091579292042382,2.3939294554270907,7.699998248399375,1718.3645163907277,117.88440446403104,8087.376028617349,False,0.0,8043.001647684525,8307.45500598905,8655.58587580071
S193,0.727939912583679,0.0216932894433686,0.165752512860742,0.0846142851122103,2.393562829438215,7.698819007521741,1718.341944560514,117.84909771960966,7361.307970241329,False,0.0,7281.26378483852,7519.941975929529,7789.009931612506
S194,0.5899062715470791,0.1412694811483433,0.0898790352300688,0.1789452120745087,2.3929625066334332,7.696888088239614,1718.2641292200692,117.7912967103698,6648.928581888531,False,0.0,6573.638080295497,7045.785461692758,7660.101811077164
S195,0.9062492791563272,0.0333252855745032,0.0502342684887126,0.0101911667804568,2.394536914118628,7.701952120035098,1718.4365833872837,117.9429152086006,8761.746864324909,False,0.0,8733.722039002463,8814.105700066297,8913.619427386859
S196,0.9997214758768678,0.0001137480903623,0.0001579762281769,6.799804592948003e-06,2.3948308202512543,7.702897459799041,1718.4631190341986,117.97122949696306,9474.48615581715,False,0.0,9474.364599875438,9474.61739234401,9474.947298719806
S197,0.5589344603940845,0.15451510450078,0.0363669647439907,0.2501834703611448,2.3925829423143288,7.695667231632634,1718.2142022676285,117.75475818849436,6573.651977046909,False,0.0,6462.144912171994,7049.872213146356,7869.463768491764
S198,0.6339117218740284,0.1728670023273232,0.1376623181113818,0.0555589576872665,2.393717249890238,7.6993156960132,1718.3556512093385,117.86396805782871,6817.569726744291,False,0.0,6714.110671255446,7074.010540762738,7560.141668457857
S199,0.8230573483742774,0.025410236335453,0.0568482342550513,0.0946841810352182,2.393865145875931,7.699791398765529,1718.3616303178717,117.87821096440086,8216.696528958233,False,0.0,8171.462892232512,8366.781780631984,8638.29371490593
S200,0.8643479910679162,0.0486240026128725,0.0416640104603395,0.0453639958588716,2.394276240626783,7.701113672007172,1718.4060206322006,117.91780526112646,8513.339937411114,False,0.0,8489.96936489766,8631.78293622129,8800.228843256404
S201,0.6786806569434702,0.1392854256912774,0.1420536784651623,0.03998023890009,2.3938608274794393,7.699777508780048,1718.372440579284,117.8777950756228,7094.705302321022,False,0.0,6998.826717541139,7297.831996050242,7692.211750528574
S202,0.5034235836938024,0.176588204145225,0.1652544243366991,0.1547337878242735,2.3928446221526176,7.6965089165419025,1718.2608131715317,117.77994804143444,5923.392685542763,False,0.033,5832.406219311457,6343.984358171066,6937.642924117515
S203,0.9379227897152304,0.0042632141062942,0.0070559378262483,0.0507580583522269,2.3944067672234013,7.701533506669928,1718.4161646861166,117.93037819605082,9064.26519022251,False,0.0,9040.445162300615,9132.76826297323,9276.777223122812
S204,0.9064022302627563,0.0481873527877194,0.0177854291067979,0.0276249878427263,2.3944991853636077,7.701830766689838,1718.4280202466844,117.93928074157064,8836.20850222224,False,0.0,8815.51603115013,8924.53496913304,9066.112037523453
S205,0.5974437575787306,0.0382198675177853,0.1510224330392813,0.2133139418642028,2.392595880329641,7.69570884634897,1718.230853730257,117.75600356725138,6563.172966695285,False,0.0,6456.896326597126,6893.003982147788,7499.0611182347875
S206,0.7096604849211872,0.1973722916522668,0.0377561328720304,0.0552110905545155,2.3940453464278524,7.700371008131585,1718.379439121708,117.89556605166491,7527.66045751927,False,0.0,7419.425353076965,7790.552586068598,8346.13401699076
S207,0.7708685523830354,0.0371754219211572,0.0972776186452002,0.0946784070506071,2.3937090286752434,7.699289252735706,1718.3493689045797,117.8631763504199,7790.800347932123,False,0.0,7738.891390631985,7962.63097411271,8243.930440457214
S208,0.7519065486267209,0.12701651803201,0.07106868563184,0.050008247709429,2.3940475745322405,7.700378174758797,1718.3841080989398,117.89578064786842,7724.698201490867,False,0.0,7661.311635002145,7927.026254522654,8282.757670126854
S209,0.6895614629611373,0.0515608433327802,0.1063012686469766,0.1525764250591058,2.393210749237817,7.69768655271172,1718.2943234990885,117.81519662585237,7251.332356093144,False,0.0,7178.783182600768,7509.259136461664,7957.654881569649
S210,0.61659647943452,0.3734453938004215,0.0089869911281942,0.0009711356368641,2.3943700306300326,7.701415344581312,1718.4122739264567,117.9268394885678,6989.987436971885,False,0.0,6678.690400117413,7308.767530721705,8312.53861251274
S211,0.9263105005957186,0.0070311938594782,0.0410699460194942,0.0255883595253088,2.3944792260479955,7.701766568183489,1718.4288556060492,117.93735805317806,8912.155152387584,False,0.0,8892.759450370779,8958.021530389684,9037.043000001762
S212,0.9577772389166056,0.0181879323313877,0.0120049698001715,0.012029858951835,2.394674906035659,7.70239596666429,1718.447089817027,117.95620864118524,9178.787474954115,False,0.0,9169.67614710833,9215.507851887534,9268.98108467296
S213,0.5226292959414423,0.0463128592310365,0.2516581718704838,0.1793996729570373,2.392494966320118,7.695384259634581,1718.2327980484692,117.7462900252358,5855.803514728778,False,0.0,5725.654939670416,6167.550001387416,6696.184067901023
S214,0.6585286483168602,0.0867221220202602,0.1195245529807476,0.1352246766821319,2.393259219520212,7.697842455839475,1718.301546950775,117.81986344884164,7021.247556030649,False,0.0,6954.218401055092,7304.625313243183,7723.976844843434
S215,0.845439812168479,0.0648286707968302,0.0271322294954739,0.0625992875392167,2.3941752092987345,7.700788707941487,1718.3926889613822,117.90807389880028,8425.157869190922,False,0.0,8396.754755524698,8578.487513877644,8814.908451311474
S216,0.8421738334000111,0.0659202620006699,0.0724037217736461,0.0195021828256728,2.3943492316592123,7.70134844535051,1718.41833706661,117.92483601949964,8300.550944942781,False,0.0,8253.858514581281,8398.435991446644,8586.669571167495
S217,0.6538600493222475,0.0709952303969781,0.0615243029745076,0.2136204173062667,2.3928724952254954,7.696598569397858,1718.2502129827185,117.78263131736504,7125.439443092814,False,0.0,7045.541605792643,7469.241815783498,8098.820291291401
S218,0.5399934384040534,0.1639537573262809,0.1816992061594659,0.1143535981101997,2.393114639671942,7.697377419338105,1718.2934689882193,117.8059432573921,6119.202714369175,False,0.0,6020.598211650853,6471.447111079713,6974.815357615303
S219,0.979597659315914,0.0041873607563668,0.0043146952683247,0.0119002846593945,2.39471894059469,7.702537602428261,1718.4510405926226,117.96045085855032,9336.363022828611,False,0.0,9331.745467471004,9356.037021979791,9391.074744666359
S220,0.8860572134144604,0.0420462114116785,0.0088421695474796,0.0630544056263814,2.394262073765205,7.701068104745789,1718.40006853027,117.91644068188144,8727.311506979684,False,0.0,8698.78943459455,8851.28641574478,9059.7176797226
S221,0.5710343294776976,0.1062594771370985,0.2365651818957919,0.0861410114894118,2.3932052972546107,7.697669016580532,1718.3109739806982,117.81467170284084,6194.595205946921,False,0.0,6096.423651179713,6453.194115743581,6827.137464326025
S222,0.7478191563859582,0.1171885687105385,0.0577281779680546,0.0772640969354486,2.393893827300221,7.69988365165805,1718.3649844343756,117.8809731843836,7729.815604147448,False,0.0,7675.830641091915,7961.037626396472,8318.401402394324
S223,0.8107142774388194,0.0236163391824629,0.1432898902587586,0.0223794931199589,2.3941240646317175,7.700624202740419,1718.402319912882,117.90314778154828,7940.064868256249,False,0.0,7866.741058878418,8010.185403386784,8161.648559139318
S224,0.802284789737314,0.0548216414773859,0.1017905461411699,0.0411030226441302,2.3940898384566967,7.700514115332768,1718.3929529246882,117.89985126427744,7979.6079230841815,False,0.0,7939.251737351847,8106.014981019233,8288.82233157679
S225,0.7406217004172504,0.0866337959277264,0.0095707968377712,0.1631737068172518,2.3934304519689715,7.698393219585832,1718.3062986797147,117.83635080040884,7796.135801018269,False,0.0,7726.685444402985,8088.822224112011,8601.188625628554
S226,0.565540311858058,0.247978899735422,0.1410200419279727,0.0454607464785472,2.393699060907994,7.699257191728095,1718.3540432308648,117.86221645257888,6369.794215370839,False,0.0,6217.598541148862,6679.642728223063,7349.538030813839
S227,0.8759282231330872,0.01149826953232,0.0416891162580027,0.07088439107659,2.3941195683474237,7.700609740584426,1718.3883387124529,117.90271471630562,8589.237263895162,False,0.0,8553.707681188334,8695.672753329873,8899.306908210068
S228,0.9694609781727196,0.016443747440005,0.0030994728050077,0.0109958015822677,2.3947164203849716,7.702529496253618,1718.4505948852882,117.9602080636583,9273.8060138497,False,0.0,9267.043503988674,9305.688286520697,9356.398164405275
S229,0.5345069887116551,0.0921535064499891,0.3633318993115297,0.0100076055268259,2.393365288548362,7.698183623508017,1718.345837884142,117.83007631804726,5672.165338758048,True,0.751,5445.39239505492,5814.233082672668,6233.495713520606
S230,0.6466550217010081,0.1388013206260893,0.0584405798915265,0.156103077781376,2.3932538720644745,7.69782525591745,1718.292846912067,117.81934857987392,7082.472823328192,False,0.0,7016.852304455353,7441.015990858539,7994.44716737255
S231,0.8337520328350365,0.0417416037290677,0.0851659028211625,0.0393404606147332,2.394177097092181,7.700794779969218,1718.4005983012648,117.90825572793024,8219.029366217426,False,0.0,8183.987510960996,8329.452933288769,8482.083311448181
S232,0.8536195703782141,0.1051095888604479,0.0332714033952967,0.0079994373660411,2.39453280108979,7.701938890608053,1718.433869056487,117.94251899176314,8460.919982641604,False,0.0,8385.290146760353,8567.233598622233,8847.621047679198
S233,0.6659720470197499,0.0014678999228128,0.1775684370346943,0.154991616022743,2.392996836263127,7.696998508405851,1718.2796250271847,117.79460170389146,6940.831484165746,False,0.0,6816.541434533012,7157.440722389016,7608.720704645114
S234,0.5278850300237536,0.2380604792488846,0.0972435682818306,0.1368109224455311,2.393154693958169,7.697506252680714,1718.286796212786,117.8097996156712,6231.138606955027,False,0.0,6125.676812037474,6671.8113920434225,7367.658253760482
S235,0.9681483590975404,0.005995528700958,0.0131021639314655,0.012753948270036,2.3946791751938328,7.7024096982763,1718.4477172973484,117.9566199216344,9243.105472715413,False,0.0,9236.195544253917,9267.637268687484,9305.224015193231
S236,0.9366893116384744,0.0192820549161379,0.0168383734857437,0.0271902599596437,2.3945385932475904,7.70195752090011,1718.4323431677954,117.94307696286064,9033.155283519198,False,0.0,9021.6020507359,9091.627739946443,9181.099318958617
S237,0.6218446455895901,0.0942704731660982,0.1439177019177776,0.139967179326534,2.393127673230899,7.697419341367487,1718.2899325906262,117.80719809942067,6731.280155385478,False,0.0,6657.2656968157235,7032.188511617169,7473.114905919322
S238,0.6970124333165586,0.1013711377323827,0.1164923949733205,0.0851240339777381,2.3936429119192932,7.69907659028482,1718.3444533989878,117.8568093658924,7272.394198789182,False,0.0,7216.312081130674,7511.563128604086,7847.464155784514
S239,0.7600786196999252,0.081250288670534,0.0433855226424432,0.1152855689870975,2.393689418050975,7.699226175783997,1718.3400103435815,117.8612878472892,7842.93428278233,False,0.0,7797.600183359508,8085.025562598241,8469.231912419897
S240,0.7802709070965648,0.0794087699187945,0.0678873754491767,0.0724329475354639,2.3939381856508333,7.7000263288873985,1718.3713385500787,117.88524526333605,7915.56157488667,False,0.0,7877.339646385386,8107.048687781598,8379.928826582896
S241,0.715885073877871,0.0479308713717732,0.1359270526053335,0.1002570021450221,2.393516940333509,7.698671406670229,1718.332810773013,117.84467887995088,7351.299934346478,False,0.0,7290.998710912093,7548.037221426977,7856.184349903845
S242,0.6019651466049254,0.1418346036202946,0.1591703915232306,0.0970298582515493,2.393353858915948,7.698146860457495,1718.317484195224,117.82897579371104,6566.762863735825,False,0.0,6482.033579600459,6867.832464545947,7304.048968719537
S243,0.9175038491375744,0.0424868426538794,0.0303733415681413,0.0096359666404047,2.3946011084059577,7.702158598926447,1718.4411956155,117.94909926547231,8878.494311271645,False,0.0,8851.92702393274,8935.104787073418,9051.08155925746
S244,0.9490320994518696,0.0248498172006991,0.0204672338482559,0.005650849499175,2.3946870944356378,7.702435170266699,1718.4495882947897,117.9573828442333,9103.255944643537,False,0.0,9086.731511329843,9136.627686737214,9205.180006054832
S245,0.5079374047927558,0.1260296958485074,0.1678875114551309,0.1981453879036059,2.392555085520998,7.69557763113948,1718.228484193192,117.752076789908,5949.33589684248,False,0.0,5853.2991522377215,6366.370836022947,6979.532549122946
S246,0.6849128175526857,0.2052552671466984,0.0203812625479273,0.0894506527526884,2.3938315305942592,7.699683276276987,1718.353000833141,117.8749736200114,7409.347057561755,False,0.0,7315.779357344612,7729.808792029827,8322.960161673187
S247,0.8737426586449146,0.0025968996630242,0.0646468390668847,0.0590136026251763,2.394140822018434,7.700678102343824,1718.393782328424,117.90476179704592,8523.225334209472,False,0.0,8479.88610744955,8605.969870039331,8780.87111491721
S248,0.8138973321765661,0.0859657334536456,0.0004288888282256,0.0997080455415625,2.393957046959722,7.700086995689939,1718.364522620648,117.8870617875422,8284.05151550337,False,0.0,8233.999650649457,8507.149055987085,8851.666057281493
S249,0.6274485811591148,0.0940103142675793,0.2244250121225523,0.0541160924507534,2.393510986695947,7.698652256983635,1718.343870822389,117.84410558706084,6582.350253353882,False,0.0,6480.560550345884,6782.236831169179,7103.633290749816
S250,0.5546592227183282,0.1590261420418858,0.0900533072220422,0.1962613280177436,2.39280727863026,7.696388802285442,1718.2466332562522,117.77635311417184,6423.057454453895,False,0.0,6341.547850505548,6861.311663315228,7535.111256153276
S251,0.988369859289378,0.0021008212161671,0.0050416166236743,0.0044877028707806,2.3947764231034783,7.70272249309661,1718.4576260973813,117.96598874158065,9390.774410155993,False,0.0,9388.335160543254,9399.416477757917,9412.838496623228
S252,0.8948899717070162,0.0477998961745855,0.0405464657353125,0.0167636663830857,2.3945036612456634,7.701845163222622,1718.4315445591324,117.93971190707803,8710.681689823232,False,0.0,8682.398941736958,8785.009953521927,8919.782167796924
S253,0.5856386017985642,0.0261033183491833,0.0618526027523764,0.326405477099876,2.3920458344702067,7.693939641268794,1718.1569676609756,117.70306330379992,6693.213216029455,False,0.0,6546.325588215097,7129.068966537194,8056.742200969619
S254,0.7214692002162337,0.1175432634927908,0.1394270661212328,0.0215604701697425,2.394037948274895,7.700347212206988,1718.3920863194812,117.89485351212004,7374.629781827559,False,0.0,7279.982165044663,7529.072822350196,7868.611497664916
S255,0.7823772178962827,0.0749629165632817,0.0456348051031961,0.0970250604372394,2.393830582348828,7.699680226275731,1718.3562421605616,117.87488229916885,7980.238489996233,False,0.0,7940.595444241519,8192.564064618424,8523.005471976232
