NPR,fuel,T_exit_reg,T_exit_isen,P_exit_reg,P_exit_isen,u_exit_reg,u_exit_isen,thrust_reg,thrust_isen,mass_err_reg,fallback_reg
4.0,Jet-A1,1205.2180166410933,1459.2274678111587,101325.0,219009.53634785034,1178.1335075981353,746.3254764097213,58906.67537990677,59382.124385708004,7.62939453125e-08,True
4.0,HEFA-50,1234.5594276971763,1478.2608695652175,101325.0,221183.45051484054,1169.2122876222168,742.656805284098,58460.61438111084,59606.299735737506,7.62939453125e-08,True
4.0,Bio-SPK,1255.3022240485745,1491.2280701754385,101325.0,222658.9416782545,1166.938061714744,740.1469744987472,58346.9030857372,59757.46278961008,7.62939453125e-08,True
5.0,Jet-A1,1140.303017815205,1459.2274678111587,101325.0,273761.9204348129,1239.8802599545766,746.3254764097213,61994.01299772883,63181.811885708004,0.0,True
5.0,HEFA-50,1172.595305494672,1478.2608695652175,101325.0,276479.31314355065,1231.1666283703387,742.656805284098,61558.33141851694,63405.987235737506,7.62939453125e-08,True
5.0,Bio-SPK,1195.4990433624407,1491.2280701754385,101325.0,278323.6770978181,1229.330058037262,740.1469744987472,61466.5029018631,63557.15028961009,7.62939453125e-08,True
6.0,Jet-A1,1089.8677435453315,1459.2274678111587,101325.0,328514.3045217755,1285.8087687699667,746.3254764097213,64290.438438498335,65714.93688570801,7.62939453125e-08,True
6.0,HEFA-50,1124.2827723159642,1478.2608695652175,101325.0,331775.1757722608,1277.388486891003,742.656805284098,63869.42434455015,65939.1122357375,0.0,True
6.0,Bio-SPK,1148.757435286351,1491.2280701754385,101325.0,333988.4125173817,1275.9727315989644,740.1469744987472,63798.63657994822,66090.27528961009,0.0,True
6.5,Jet-A1,1068.4362511360193,1459.2274678111587,101325.0,355890.4965652568,1304.8358603238783,746.3254764097213,65241.793016193915,66689.21573186186,1.52587890625e-07,True
6.5,HEFA-50,1103.7063250465865,1478.2608695652175,101325.0,359423.10708661587,1296.5742631597284,742.656805284098,64828.71315798642,66913.39108189136,0.0,True
6.5,Bio-SPK,1128.8185162064754,1491.2280701754385,101325.0,361820.7802271636,1295.3585254607358,740.1469744987472,64767.92627303679,67064.55413576393,0.0,True
7.0,Jet-A1,1048.9696950672094,1459.2274678111587,101325.0,383266.68860873807,1321.8811222441368,746.3254764097213,66094.05611220685,67524.311885708,7.62939453125e-08,True
7.0,HEFA-50,1084.9914023055067,1478.2608695652175,101325.0,387071.0384009709,1313.7810451010412,742.656805284098,65689.05225505205,67748.4872357375,7.62939453125e-08,True
7.0,Bio-SPK,1110.666633701896,1491.2280701754385,101325.0,389653.1479369454,1312.7579425565325,740.1469744987472,65637.89712782663,67899.65028961009,0.0,True
8.0,Jet-A1,1014.7848203308635,1459.2274678111587,101325.0,438019.0726957007,1351.2937923482864,746.3254764097213,67564.68961741432,68881.34313570801,7.62939453125e-08,True
8.0,HEFA-50,1052.0673425096138,1478.2608695652175,101325.0,442366.9010296811,1343.5171669825909,742.656805284098,67175.85834912954,69105.5184857375,7.62939453125e-08,True
8.0,Bio-SPK,1078.6933136129733,1491.2280701754385,101325.0,445317.883356509,1342.8576677993713,740.1469744987472,67142.88338996856,69256.68153961009,7.62939453125e-08,True
