Fuel,Turbine,Nozzle,T5_K,p5_bar,Thrust_kN,Core_Thrust_kN,TSFC_mg_per_Ns,Fuel_Flow_kg_s
Jet-A1,analytic,analytic,1334.4782421508417,4.7280926918396915,254.65821458503393,68.43967444776978,10.944344962945646,2.7870673480664476
Jet-A1,pinn,analytic,1334.4782421508417,2.7650177478790283,229.95360996172326,43.73506982445911,12.120128701307914,2.7870673480664476
Jet-A1,analytic,pinn,1334.4782421508417,4.7280926918396915,280.2408384958092,94.02229835854511,9.945257668461213,2.7870673480664476
Jet-A1,pinn,pinn,1334.4782421508417,2.7650177478790283,250.69596226733591,64.47742213007177,11.117320450077248,2.7870673480664476
HEFA-SPK,analytic,analytic,1334.0003661571286,4.7259198405944804,254.63302932628937,68.41448918902523,10.936688217543432,2.78484205163022
HEFA-SPK,pinn,analytic,1334.0003661571286,2.7630746364593506,229.91136865703297,43.692828519768796,12.112676584447065,2.78484205163022
HEFA-SPK,analytic,pinn,1334.0003661571286,4.7259198405944804,280.1949672428351,93.97642710557095,9.938943868383959,2.78484205163022
HEFA-SPK,pinn,pinn,1334.0003661571286,2.7630746364593506,250.66683848793562,64.4482983506715,11.109734612000748,2.78484205163022
FT-SPK,analytic,analytic,1333.8128068940582,4.725808165768259,254.6307859027604,68.41224576549625,10.92538739323491,2.7819399782315157
FT-SPK,pinn,analytic,1333.8128068940582,2.7605743408203125,229.86000257815385,43.64146244088972,12.102757970193785,2.7819399782315157
FT-SPK,analytic,pinn,1333.8128068940582,4.725808165768259,280.191673281198,93.97313314393386,9.928703253931404,2.7819399782315157
FT-SPK,pinn,pinn,1333.8128068940582,2.7605743408203125,250.64105723442006,64.42251709715592,11.0992987698325,2.7819399782315157
ATJ-SPK,analytic,analytic,1331.205107743231,4.713203254714187,254.48546581077505,68.26692567351091,10.891861896011132,2.7718205481530247
ATJ-SPK,pinn,analytic,1331.205107743231,2.751692533493042,229.66326538230473,43.444725245040566,12.06906356373086,2.7718205481530247
ATJ-SPK,analytic,pinn,1331.205107743231,4.713203254714187,279.9265915549778,93.70805141771366,9.901955126005372,2.7718205481530247
ATJ-SPK,pinn,pinn,1331.205107743231,2.751692533493042,250.49672467825238,64.27818454098825,11.065296569099885,2.7718205481530247
