Fuel,Case,Eta_Comb,TSFC_mg_per_Ns,Thrust_kN,T4_K,Fuel_Flow_kg_s,Delta_Eta,Delta_TSFC_mg_per_Ns,Delta_TSFC_pct,Delta_Thrust_kN,Delta_Thrust_pct,Delta_T4_K,Delta_Fuel_Flow_kg_s
Jet-A1,penalty_on,0.985,31.654450337066905,84.61736116825413,2495.413157622699,2.6785160567541544,,,,,,,
Jet-A1,penalty_off,0.985,31.654450337066905,84.61736116825413,2495.413157622699,2.6785160567541544,,,,,,,
Bio-SPK,penalty_on,0.97,31.72774754301656,84.16675252608783,2478.9611457584506,2.670421475663266,,,,,,,
Bio-SPK,penalty_off,0.985,31.56946157465882,84.58875579325193,2494.6522467255595,2.670421475663266,,,,,,,
HEFA-50,penalty_on,0.975,31.721098024961922,84.32324372805432,2484.6012234522586,2.674825880080367,,,,,,,
HEFA-50,penalty_off,0.985,31.61573735552817,84.60425420420125,2495.0661595914057,2.674825880080367,,,,,,,
HEFA-SPK,penalty_on,0.975,31.739401327646256,84.3235007493718,2484.5454230268606,2.676377431636391,,,,,,,
HEFA-SPK,penalty_off,0.985,31.634051002727517,84.60432182415182,2495.0097868539524,2.676377431636391,,,,,,,
FT-SPK,penalty_on,0.985,31.604893955786665,84.59412623087063,2494.7347709064456,2.6735883888090974,,,,,,,
FT-SPK,penalty_off,0.985,31.604893955786665,84.59412623087063,2494.7347709064456,2.6735883888090974,,,,,,,
ATJ-SPK,penalty_on,0.985,31.514236058109457,84.52888045681046,2492.6507123259125,2.66386309244364,,,,,,,
ATJ-SPK,penalty_off,0.985,31.514236058109457,84.52888045681046,2492.6507123259125,2.66386309244364,,,,,,,
Jet-A1,,,,,,,0.0,0.0,0.0,0.0,0.0,0.0,0.0
Bio-SPK,,,,,,,-0.015000000000000013,0.15828596835773823,0.5013895089195808,-0.42200326716410075,-0.49888813614370475,-15.691100967108923,0.0
HEFA-50,,,,,,,-0.010000000000000009,0.10536066943375033,0.33325387369251835,-0.28101047614693186,-0.3321469810119493,-10.464936139147085,0.0
HEFA-SPK,,,,,,,-0.010000000000000009,0.10535032491873864,0.3330282451326161,-0.2808210747800217,-0.33192284829574037,-10.464363827091802,0.0
FT-SPK,,,,,,,0.0,0.0,0.0,0.0,0.0,0.0,0.0
ATJ-SPK,,,,,,,0.0,0.0,0.0,0.0,0.0,0.0,0.0
