beta,Mode,Predicted_FF_kg_s,ICAO_FF_kg_s,Signed_Error_pct,T4_K
1.0,Idle,0.24811779325308697,0.244,1.6876201856913742,1119.6999398010585
1.0,Approach,0.7001237883572236,0.643,8.88394842258531,1317.2911633078481
1.0,Takeoff,2.7870673480664476,2.327,19.770835757045457,2030.802998932687
0.9,Idle,0.22330601392777827,0.244,-8.481141832877759,1057.0468568314093
0.9,Approach,0.6301114095215012,0.643,-2.0044464196732115,1255.203490679557
0.9,Takeoff,2.508360613259803,2.327,7.793752181340907,1938.3911154576354
0.8,Idle,0.1984942346024696,0.244,-18.64990385144688,992.095936150619
0.8,Approach,0.5600990306857789,0.643,-12.892841261931743,1190.9494428714856
0.8,Takeoff,2.229653878453158,2.327,-4.183331394363643,1842.1718536294586
0.7,Idle,0.17368245527716086,0.244,-28.818665870016037,924.7184045717947
0.7,Approach,0.49008665185005645,0.643,-23.781236104190285,1124.413622267787
0.7,Takeoff,1.9509471436465131,2.327,-16.160414970068192,1741.904967854326
