Mode,Power (%),Fuel Flow (kg/s),Unique ID,Pressure Ratio,Bypass Ratio,Rated Thrust (kN),Model,x,Target Thrust (kN),Group,w,status,reason,ff,phi,thrust_kN,tsfc_mg_Ns,T3,T4,T5,p3_bar,thrust_core_kN,thrust_bypass_kN,m_core,pi_c,nox_corr_g_s
TAKE-OFF,100.0,2.327,02P23RR126,43.2,9.1,310.9,Trent 1000-AE3,1.0,310.9,3,0.012345679012345678,converged,,1.8936035549794683,0.22103067916114422,310.89999999994393,6.090715841041523,901.5451512272988,1440.6711388240244,668.1429052839952,43.7724,13.09281605045431,297.8071839494896,127.77886659418962,43.2,74.52702850659375
APPROACH,30.0,0.643,02P23RR126,43.2,9.1,310.9,Trent 1000-AE3,0.3,93.27,3,0.012345679012345678,converged,,0.6365909386577936,0.2624191215204811,93.27000000000918,6.825248618609746,832.015032122401,1469.065398381032,825.7282452002571,32.71457719176528,19.57910701352313,73.69089298648605,36.181578059892715,32.286777391330155,8.254536862886443
IDLE,7.0,0.244,02P23RR126,43.2,9.1,310.9,Trent 1000-AE3,0.07,21.763,3,0.012345679012345678,converged,,0.2517042693790672,0.476847391135504,21.763000000000037,11.565697255850148,754.5355688767497,1845.4382384466635,1360.8618973077253,23.093299005926646,8.196513876429519,13.566486123570515,7.872881246190478,22.79131409417878,1.238941752743441
TAKE-OFF,100.0,2.721,02P23RR131,48.0,8.9,350.9,Trent 1000-J3,1.0,350.9,7,0.00411522633744856,converged,,2.1168998193525677,0.21224000464337425,350.89999999997,6.032772354952261,927.8115140653514,1445.2953278922143,654.0453189017262,48.636,11.805815576328671,339.09418442364137,148.76322641228552,48.0,95.00381050755377
APPROACH,30.0,0.719,02P23RR131,48.0,8.9,350.9,Trent 1000-J3,0.3,105.27,7,0.00411522633744856,converged,,0.6908377351183617,0.2446101754931969,105.2699999999994,6.562531919049735,856.4726428800928,1451.8802241549265,788.1381271010993,36.32041535575753,21.362845963915078,83.90715403608432,42.123462449950665,35.84546297138666,9.926978773539766
IDLE,7.0,0.264,02P23RR131,48.0,8.9,350.9,Trent 1000-J3,0.07,24.563000000000002,7,0.00411522633744856,converged,,0.26679324538165494,0.4341373006390126,24.563000000000006,10.861590415733211,776.8736623051361,1780.329648760558,1274.330594360611,25.604773774373278,9.115701225813815,15.447298774186192,9.165797495008674,25.26994697692897,1.4224271284748489
TAKE-OFF,100.0,2.721,02P23RR132,48.0,8.9,350.9,Trent 1000-K3,1.0,350.9,7,0.00411522633744856,converged,,2.1168998193525677,0.21224000464337425,350.89999999997,6.032772354952261,927.8115140653514,1445.2953278922143,654.0453189017262,48.636,11.805815576328671,339.09418442364137,148.76322641228552,48.0,95.00381050755377
APPROACH,30.0,0.719,02P23RR132,48.0,8.9,350.9,Trent 1000-K3,0.3,105.27,7,0.00411522633744856,converged,,0.6908377351183617,0.2446101754931969,105.2699999999994,6.562531919049735,856.4726428800928,1451.8802241549265,788.1381271010993,36.32041535575753,21.362845963915078,83.90715403608432,42.123462449950665,35.84546297138666,9.926978773539766
IDLE,7.0,0.264,02P23RR132,48.0,8.9,350.9,Trent 1000-K3,0.07,24.563000000000002,7,0.00411522633744856,converged,,0.26679324538165494,0.4341373006390126,24.563000000000006,10.861590415733211,776.8736623051361,1780.329648760558,1274.330594360611,25.604773774373278,9.115701225813815,15.447298774186192,9.165797495008674,25.26994697692897,1.4224271284748489
TAKE-OFF,100.0,2.802,02P23RR134,48.8,8.9,358.1,Trent 1000-M3,1.0,358.1,8,0.006172839506172839,converged,,2.1614825131430204,0.21124991882173025,358.1000000004467,6.035974624798448,931.9868599269153,1446.9587764824337,651.9492660132313,49.4466,10.241629854522099,347.85837014592454,152.6081420870836,48.8,99.34120068520471
APPROACH,30.0,0.732,02P23RR134,48.8,8.9,358.1,Trent 1000-M3,0.3,107.43,8,0.006172839506172839,converged,,0.6965799944322401,0.2404292760712836,107.42999999999232,6.484036064714604,860.3627604020554,1446.1087175156504,778.0233176601768,36.92138838308958,21.354192194011027,86.07580780598128,43.21218017244561,36.438577234729415,10.127953926213674
IDLE,7.0,0.267,02P23RR134,48.8,8.9,358.1,Trent 1000-M3,0.07,25.067000000000004,8,0.006172839506172839,converged,,0.2674655620451894,0.42426580220639604,25.06699999999997,10.670026809956905,780.429904115834,1763.611805480077,1253.1273656002759,26.023352902447716,9.220452280879277,15.846547719120695,9.402695546432446,25.683052457387333,1.4348996295304688
TAKE-OFF,100.0,2.802,02P23RR135,48.8,8.9,358.1,Trent 1000-N3,1.0,358.1,8,0.006172839506172839,converged,,2.1614825131430204,0.21124991882173025,358.1000000004467,6.035974624798448,931.9868599269153,1446.9587764824337,651.9492660132313,49.4466,10.241629854522099,347.85837014592454,152.6081420870836,48.8,99.34120068520471
APPROACH,30.0,0.732,02P23RR135,48.8,8.9,358.1,Trent 1000-N3,0.3,107.43,8,0.006172839506172839,converged,,0.6965799944322401,0.2404292760712836,107.42999999999232,6.484036064714604,860.3627604020554,1446.1087175156504,778.0233176601768,36.92138838308958,21.354192194011027,86.07580780598128,43.21218017244561,36.438577234729415,10.127953926213674
IDLE,7.0,0.267,02P23RR135,48.8,8.9,358.1,Trent 1000-N3,0.07,25.067000000000004,8,0.006172839506172839,converged,,0.2674655620451894,0.42426580220639604,25.06699999999997,10.670026809956905,780.429904115834,1763.611805480077,1253.1273656002759,26.023352902447716,9.220452280879277,15.846547719120695,9.402695546432446,25.683052457387333,1.4348996295304688
TAKE-OFF,100.0,2.721,02P23RR137,48.0,8.9,350.9,Trent 1000-Q3,1.0,350.9,7,0.00411522633744856,converged,,2.1168998193525677,0.21224000464337425,350.89999999997,6.032772354952261,927.8115140653514,1445.2953278922143,654.0453189017262,48.636,11.805815576328671,339.09418442364137,148.76322641228552,48.0,95.00381050755377
APPROACH,30.0,0.719,02P23RR137,48.0,8.9,350.9,Trent 1000-Q3,0.3,105.27,7,0.00411522633744856,converged,,0.6908377351183617,0.2446101754931969,105.2699999999994,6.562531919049735,856.4726428800928,1451.8802241549265,788.1381271010993,36.32041535575753,21.362845963915078,83.90715403608432,42.123462449950665,35.84546297138666,9.926978773539766
IDLE,7.0,0.264,02P23RR137,48.0,8.9,350.9,Trent 1000-Q3,0.07,24.563000000000002,7,0.00411522633744856,converged,,0.26679324538165494,0.4341373006390126,24.563000000000006,10.861590415733211,776.8736623051361,1780.329648760558,1274.330594360611,25.604773774373278,9.115701225813815,15.447298774186192,9.165797495008674,25.26994697692897,1.4224271284748489
TAKE-OFF,100.0,2.649,01P19RR117,47.8,8.9,350.9,Trent 1000-Q3,1.0,350.9,7,0.00411522633744856,converged,,2.1182707848340896,0.21237745740212272,350.89999999999884,6.036679352619255,926.759159258835,1444.6222990657072,654.2818890559134,48.43335,11.80581557635745,339.09418442364137,148.76322641228552,47.8,95.03095817779258
APPROACH,30.0,0.699,01P19RR117,47.8,8.9,350.9,Trent 1000-Q3,0.3,105.27,7,0.00411522633744856,converged,,0.6913366635629384,0.24478683488538489,105.27000000000314,6.5672714312046905,855.4922729357811,1451.3716910613748,788.478249958874,36.170172098924525,21.362845963918826,83.90715403608432,42.123462449950665,35.69718440555097,9.931333322093042
IDLE,7.0,0.256,01P19RR117,47.8,8.9,350.9,Trent 1000-Q3,0.07,24.563000000000002,7,0.00411522633744856,converged,,0.267031469885602,0.4345249496701629,24.563,10.871288925847901,775.977570482405,1780.3219057791214,1275.085471215572,25.500128992354668,9.115701225813806,15.447298774186192,9.165797495008674,25.166670606814378,1.423542577444272
TAKE-OFF,100.0,2.279,01P19RR106,43.0,9.2,310.9,Trent 1000-AE3,1.0,310.9,3,0.012345679012345678,converged,,1.9027838271197806,0.22210224547750518,310.89999999997934,6.1202438955288105,900.4020437565817,1442.027647009687,667.9396173807953,43.56975,9.82020963346234,301.079790366517,127.77886659418962,43.0,75.15337180547857
APPROACH,30.0,0.623,01P19RR106,43.0,9.2,310.9,Trent 1000-AE3,0.3,93.27,3,0.012345679012345678,converged,,0.6253438567107181,0.2577827857120523,93.27000000000207,6.704662342775858,830.951231764809,1457.7988260663067,811.9280589611974,32.564333934932264,18.769316980697482,74.50068301930457,36.181578059892715,32.138498825494466,7.963104612807747
IDLE,7.0,0.239,01P19RR106,43.0,9.2,310.9,Trent 1000-AE3,0.07,21.763,3,0.012345679012345678,converged,,0.2461884725386686,0.4663978531127045,21.763,11.31224888750028,753.5647898445661,1824.1002002083371,1337.149489544213,22.988654223908036,8.047431611335304,13.715568388664696,7.872881246190478,22.688037724064188,1.1851339476022222
TAKE-OFF,100.0,2.721,01P19RR115,48.7,8.9,358.1,Trent 1000-N3,1.0,358.1,8,0.006172839506172839,converged,,2.1621660009778005,0.2113167186911416,358.09999999997643,6.03788327555974,931.4678905194083,1446.6243521293713,652.0634237019538,49.345275,10.24162985405187,347.85837014592454,152.6081420870836,48.7,99.35477602283227
APPROACH,30.0,0.712,01P19RR115,48.7,8.9,358.1,Trent 1000-N3,0.3,107.43,8,0.006172839506172839,converged,,0.6968248324988543,0.24051378357879355,107.42999999999823,6.486315112155504,859.8792102422315,1445.8517952440943,778.18502682488,36.846266754673074,21.354192194016946,86.07580780598128,43.21218017244561,36.364437951811574,10.130071200417687
IDLE,7.0,0.26,01P19RR115,48.7,8.9,358.1,Trent 1000-N3,0.07,25.067000000000004,8,0.006172839506172839,converged,,0.2675816710415016,0.4244499794742547,25.067000000000007,10.674658756193462,779.9878089095725,1763.5948938635802,1253.4870925224664,25.971030511438414,9.220452280879313,15.846547719120695,9.402695546432446,25.63141427233004,1.4354395635886243
TAKE-OFF,100.0,2.721,01P19RR114,48.7,8.9,358.1,Trent 1000-M3,1.0,358.1,8,0.006172839506172839,converged,,2.1621660009778005,0.2113167186911416,358.09999999997643,6.03788327555974,931.4678905194083,1446.6243521293713,652.0634237019538,49.345275,10.24162985405187,347.85837014592454,152.6081420870836,48.7,99.35477602283227
APPROACH,30.0,0.712,01P19RR114,48.7,8.9,358.1,Trent 1000-M3,0.3,107.43,8,0.006172839506172839,converged,,0.6968248324988543,0.24051378357879355,107.42999999999823,6.486315112155504,859.8792102422315,1445.8517952440943,778.18502682488,36.846266754673074,21.354192194016946,86.07580780598128,43.21218017244561,36.364437951811574,10.130071200417687
IDLE,7.0,0.26,01P19RR114,48.7,8.9,358.1,Trent 1000-M3,0.07,25.067000000000004,8,0.006172839506172839,converged,,0.2675816710415016,0.4244499794742547,25.067000000000007,10.674658756193462,779.9878089095725,1763.5948938635802,1253.4870925224664,25.971030511438414,9.220452280879313,15.846547719120695,9.402695546432446,25.63141427233004,1.4354395635886243
TAKE-OFF,100.0,2.649,01P19RR112,47.8,8.9,350.9,Trent 1000-K3,1.0,350.9,7,0.00411522633744856,converged,,2.1182707848340896,0.21237745740212272,350.89999999999884,6.036679352619255,926.759159258835,1444.6222990657072,654.2818890559134,48.43335,11.80581557635745,339.09418442364137,148.76322641228552,47.8,95.03095817779258
APPROACH,30.0,0.699,01P19RR112,47.8,8.9,350.9,Trent 1000-K3,0.3,105.27,7,0.00411522633744856,converged,,0.6913366635629384,0.24478683488538489,105.27000000000314,6.5672714312046905,855.4922729357811,1451.3716910613748,788.478249958874,36.170172098924525,21.362845963918826,83.90715403608432,42.123462449950665,35.69718440555097,9.931333322093042
IDLE,7.0,0.256,01P19RR112,47.8,8.9,350.9,Trent 1000-K3,0.07,24.563000000000002,7,0.00411522633744856,converged,,0.267031469885602,0.4345249496701629,24.563,10.871288925847901,775.977570482405,1780.3219057791214,1275.085471215572,25.500128992354668,9.115701225813806,15.447298774186192,9.165797495008674,25.166670606814378,1.423542577444272
TAKE-OFF,100.0,2.649,01P19RR111,47.8,8.9,350.9,Trent 1000-J3,1.0,350.9,7,0.00411522633744856,converged,,2.1182707848340896,0.21237745740212272,350.89999999999884,6.036679352619255,926.759159258835,1444.6222990657072,654.2818890559134,48.43335,11.80581557635745,339.09418442364137,148.76322641228552,47.8,95.03095817779258
APPROACH,30.0,0.699,01P19RR111,47.8,8.9,350.9,Trent 1000-J3,0.3,105.27,7,0.00411522633744856,converged,,0.6913366635629384,0.24478683488538489,105.27000000000314,6.5672714312046905,855.4922729357811,1451.3716910613748,788.478249958874,36.170172098924525,21.362845963918826,83.90715403608432,42.123462449950665,35.69718440555097,9.931333322093042
IDLE,7.0,0.256,01P19RR111,47.8,8.9,350.9,Trent 1000-J3,0.07,24.563000000000002,7,0.00411522633744856,converged,,0.267031469885602,0.4345249496701629,24.563,10.871288925847901,775.977570482405,1780.3219057791214,1275.085471215572,25.500128992354668,9.115701225813806,15.447298774186192,9.165797495008674,25.166670606814378,1.423542577444272
TAKE-OFF,100.0,2.508,11RR051,43.8,9.3,334.7,Trent 1000-D,1.0,334.7,5,0.009259259259259259,converged,,2.0867663582601566,0.22201917439955335,334.6999999995263,6.234736654505856,904.9497976538595,1446.0751397409754,665.4042812680477,44.38035,0.7945040940349676,333.90549590549136,140.18639664835183,43.8,90.41174920273696
APPROACH,30.0,0.668,11RR051,43.8,9.3,334.7,Trent 1000-D,0.3,100.41,5,0.009259259259259259,converged,,0.6383878676866801,0.23986827306574227,100.41000000000383,6.357811649105226,835.1837702372815,1421.6411560654167,765.2468914469035,33.1653069622643,17.786760895924818,82.623239104079,39.69486651791969,32.731613088837214,8.326882825787116
IDLE,7.0,0.246,11RR051,43.8,9.3,334.7,Trent 1000-D,0.07,23.429000000000002,5,0.009259259259259259,converged,,0.24452651455043797,0.4222483344664492,23.429000000000006,10.436916409169742,757.4276475474842,1739.3831835242936,1240.58890802711,23.407233351982473,8.218069838039606,15.2109301619604,8.637350467733881,23.10114320452255,1.174503308912954
TAKE-OFF,100.0,2.403,11RR053,42.5,9.4,323.7,Trent 1000-G,1.0,323.7,4,0.018518518518518517,converged,,2.029506655249304,0.22518549668702925,323.6999999880521,6.26971472142173,897.5259600674202,1446.3094480419695,669.8928682051445,43.063125,0.08011957949157839,323.61988040856056,134.42269352531034,42.5,85.01971623821939
APPROACH,30.0,0.649,11RR053,42.5,9.4,323.7,Trent 1000-G,0.3,97.11,4,0.018518518518518517,converged,,0.6193870124165184,0.24270770161157196,97.1100000000067,6.378200107264706,828.2749135808976,1421.6646331924317,769.5112598128222,32.18872579284974,17.03188482756874,80.07811517243798,38.06282923336096,31.767802410905244,7.794162520132036
IDLE,7.0,0.242,11RR053,42.5,9.4,323.7,Trent 1000-G,0.07,22.659000000000002,4,0.018518518518518517,converged,,0.23827197924263133,0.4290898478818763,22.659000000000027,10.515555816348074,751.1228141086879,1747.6823778829662,1253.497500667519,22.72704226886151,7.916626902583644,14.742373097416383,8.28222953548994,22.429846798777707,1.1087619653651661
TAKE-OFF,100.0,2.403,12RR059,42.5,9.4,323.7,Trent 1000-G,1.0,323.7,4,0.018518518518518517,converged,,2.029506655249304,0.22518549668702925,323.6999999880521,6.26971472142173,897.5259600674202,1446.3094480419695,669.8928682051445,43.063125,0.08011957949157839,323.61988040856056,134.42269352531034,42.5,85.01971623821939
APPROACH,30.0,0.649,12RR059,42.5,9.4,323.7,Trent 1000-G,0.3,97.11,4,0.018518518518518517,converged,,0.6193870124165184,0.24270770161157196,97.1100000000067,6.378200107264706,828.2749135808976,1421.6646331924317,769.5112598128222,32.18872579284974,17.03188482756874,80.07811517243798,38.06282923336096,31.767802410905244,7.794162520132036
IDLE,7.0,0.242,12RR059,42.5,9.4,323.7,Trent 1000-G,0.07,22.659000000000002,4,0.018518518518518517,converged,,0.23827197924263133,0.4290898478818763,22.659000000000027,10.515555816348074,751.1228141086879,1747.6823778829662,1253.497500667519,22.72704226886151,7.916626902583644,14.742373097416383,8.28222953548994,22.429846798777707,1.1087619653651661
TAKE-OFF,100.0,2.075,12RR066,38.5,9.5,287.1,Trent 1000-H2,1.0,287.1,1,0.037037037037037035,converged,,1.7959921360753222,0.2316976489868953,287.10000000009114,6.255632657870957,873.5099756291187,1438.688830603585,681.0800357911139,39.010125,5.803917162553563,281.2960828375376,115.61264393951505,38.5,65.40544733817555
APPROACH,30.0,0.582,12RR066,38.5,9.5,287.1,Trent 1000-H2,0.3,86.13000000000001,1,0.037037037037037035,converged,,0.5801015778135058,0.2642973264337449,86.12999999999974,6.735186088627744,805.9402064897092,1449.411123726045,819.03356412784,29.183860656189523,16.5246961151395,69.60530388486025,32.73661766536876,28.802231094191487,6.700651516875506
IDLE,7.0,0.233,12RR066,38.5,9.5,287.1,Trent 1000-H2,0.07,20.097000000000005,1,0.037037037037037035,converged,,0.23062833099677457,0.4828977517284128,20.09699999999996,11.475759118115889,730.7622048044789,1836.7718300109605,1365.5667253672966,20.63414662848932,7.282670426682974,12.814329573316986,7.123279776652004,20.364319396485882,1.0169302726862928
TAKE-OFF,100.0,2.503,12RR062,44.1,9.2,334.7,Trent 1000-C2,1.0,334.7,6,0.012345679012345678,converged,,2.0672532644268005,0.21994310059008537,334.69999999982787,6.17643640402708,906.6384456003981,1442.958579152732,663.0677083706173,44.684325,4.384885770739674,330.3151142290882,140.18639664835183,44.1,88.90806124621083
APPROACH,30.0,0.666,12RR062,44.1,9.2,334.7,Trent 1000-C2,0.3,100.41,6,0.012345679012345678,converged,,0.6480897928915227,0.24351368075923677,100.40999999999406,6.454434746455144,836.7555773867814,1431.270132490483,776.7852361197084,33.39067184751382,18.675182821765365,81.7348171782287,39.69486651791969,32.954030937590744,8.58983066575387
IDLE,7.0,0.247,12RR062,44.1,9.2,334.7,Trent 1000-C2,0.07,23.429000000000002,6,0.012345679012345678,converged,,0.24991430279557053,0.43155196608753416,23.429,10.666878773979706,758.8624547852623,1759.3931255492582,1262.5515896852405,23.564200525010392,8.381628226877885,15.047371773122116,8.637350467733881,23.25605775969444,1.2275739892993742
TAKE-OFF,100.0,1.912,12RR064,36.3,9.6,268.0,Trent 1000-E2,1.0,268.0,0,0.037037037037037035,converged,,1.6833808906643537,0.23678933861426396,267.99999999924495,6.281271980108569,859.4583086107605,1437.1407803601026,689.709666353069,36.780975,7.29536229880963,260.7046377004353,106.03342207823707,36.3,56.83454531295297
APPROACH,30.0,0.549,12RR064,36.3,9.6,268.0,Trent 1000-E2,0.3,80.39999999999999,0,0.037037037037037035,converged,,0.5562752189672898,0.27633824295081366,80.39999999999976,6.918846007055864,792.8838060861847,1464.1757694631488,845.2879347170813,27.5311848310264,15.889945866712553,64.51005413328721,30.024186629119296,27.171166869998917,6.089032995514643
IDLE,7.0,0.223,12RR064,36.3,9.6,268.0,Trent 1000-E2,0.07,18.76,0,0.037037037037037035,converged,,0.22461189113531088,0.512787968738742,18.759999999999984,11.972915305720205,718.8759042378952,1884.432463078952,1425.3434616619206,19.483054026284613,6.883705402911586,11.876294597088402,6.533072036085126,19.228279325225376,0.9527627171953329
TAKE-OFF,100.0,2.282,11RR049,41.0,9.5,310.8,Trent 1000-A,1.0,310.8,2,0.018518518518518517,converged,,1.9578472901198083,0.22862190430128188,310.7999999734622,6.299379955878314,888.7358338945673,1445.884482393285,674.9073893168473,41.54325,0.028018214752535645,310.77198175870967,127.72723356477752,41.0,78.5818142045466
APPROACH,30.0,0.625,11RR049,41.0,9.5,310.8,Trent 1000-A,0.3,93.24,2,0.018518518518518517,converged,,0.5991698005536793,0.24709301369403788,93.24000000000437,6.426102537040447,820.0973776463594,1423.991784989375,777.5226146866771,31.06190136660216,16.34103286540541,76.89896713459896,36.16695776677276,30.655713167137584,7.243495006542248
IDLE,7.0,0.237,11RR049,41.0,9.5,310.8,Trent 1000-A,0.07,21.756000000000004,2,0.018518518518518517,converged,,0.2321070735908854,0.43989875268262096,21.75600000000004,10.668646515484692,743.6641874647498,1762.896883429077,1274.8534009362263,21.94220640372194,7.598907742483764,14.157092257516275,7.869699963402664,21.655274022918274,1.0446922601542494
TAKE-OFF,100.0,2.649,19RR091,47.8,8.9,350.9,Trent 1000-K3,1.0,350.9,7,0.00411522633744856,converged,,2.1182707848340896,0.21237745740212272,350.89999999999884,6.036679352619255,926.759159258835,1444.6222990657072,654.2818890559134,48.43335,11.80581557635745,339.09418442364137,148.76322641228552,47.8,95.03095817779258
APPROACH,30.0,0.699,19RR091,47.8,8.9,350.9,Trent 1000-K3,0.3,105.27,7,0.00411522633744856,converged,,0.6913366635629384,0.24478683488538489,105.27000000000314,6.5672714312046905,855.4922729357811,1451.3716910613748,788.478249958874,36.170172098924525,21.362845963918826,83.90715403608432,42.123462449950665,35.69718440555097,9.931333322093042
IDLE,7.0,0.256,19RR091,47.8,8.9,350.9,Trent 1000-K3,0.07,24.563000000000002,7,0.00411522633744856,converged,,0.267031469885602,0.4345249496701629,24.563,10.871288925847901,775.977570482405,1780.3219057791214,1275.085471215572,25.500128992354668,9.115701225813806,15.447298774186192,9.165797495008674,25.166670606814378,1.423542577444272
TAKE-OFF,100.0,2.503,12RR069,44.1,9.2,334.7,Trent 1000-L2,1.0,334.7,6,0.012345679012345678,converged,,2.0672532644268005,0.21994310059008537,334.69999999982787,6.17643640402708,906.6384456003981,1442.958579152732,663.0677083706173,44.684325,4.384885770739674,330.3151142290882,140.18639664835183,44.1,88.90806124621083
APPROACH,30.0,0.666,12RR069,44.1,9.2,334.7,Trent 1000-L2,0.3,100.41,6,0.012345679012345678,converged,,0.6480897928915227,0.24351368075923677,100.40999999999406,6.454434746455144,836.7555773867814,1431.270132490483,776.7852361197084,33.39067184751382,18.675182821765365,81.7348171782287,39.69486651791969,32.954030937590744,8.58983066575387
IDLE,7.0,0.247,12RR069,44.1,9.2,334.7,Trent 1000-L2,0.07,23.429000000000002,6,0.012345679012345678,converged,,0.24991430279557053,0.43155196608753416,23.429,10.666878773979706,758.8624547852623,1759.3931255492582,1262.5515896852405,23.564200525010392,8.381628226877885,15.047371773122116,8.637350467733881,23.25605775969444,1.2275739892993742
TAKE-OFF,100.0,2.279,19RR085,43.0,9.2,310.9,Trent 1000-AE3,1.0,310.9,3,0.012345679012345678,converged,,1.9027838271197806,0.22210224547750518,310.89999999997934,6.1202438955288105,900.4020437565817,1442.027647009687,667.9396173807953,43.56975,9.82020963346234,301.079790366517,127.77886659418962,43.0,75.15337180547857
APPROACH,30.0,0.623,19RR085,43.0,9.2,310.9,Trent 1000-AE3,0.3,93.27,3,0.012345679012345678,converged,,0.6253438567107181,0.2577827857120523,93.27000000000207,6.704662342775858,830.951231764809,1457.7988260663067,811.9280589611974,32.564333934932264,18.769316980697482,74.50068301930457,36.181578059892715,32.138498825494466,7.963104612807747
IDLE,7.0,0.239,19RR085,43.0,9.2,310.9,Trent 1000-AE3,0.07,21.763,3,0.012345679012345678,converged,,0.2461884725386686,0.4663978531127045,21.763,11.31224888750028,753.5647898445661,1824.1002002083371,1337.149489544213,22.988654223908036,8.047431611335304,13.715568388664696,7.872881246190478,22.688037724064188,1.1851339476022222
TAKE-OFF,100.0,2.282,12RR055,41.0,9.5,310.9,Trent 1000-A,1.0,310.9,2,0.018518518518518517,converged,,1.9586386329678152,0.22862189191487092,310.8999998567811,6.299899111836861,888.7358338945673,1445.8844545003362,674.9073574002574,41.54325,0.0023902391820323173,310.8976096175991,127.77886659418962,41.0,78.64394587148668
APPROACH,30.0,0.625,12RR055,41.0,9.5,310.9,Trent 1000-A,0.3,93.27,2,0.018518518518518517,converged,,0.5992825394225756,0.2470396419236088,93.26999999999707,6.425244338185851,820.0973776463594,1423.872202753244,777.3883340678723,31.06190136660216,16.339946882236912,76.93005311776017,36.181578059892715,30.655713167137584,7.246160834877054
IDLE,7.0,0.237,12RR055,41.0,9.5,310.9,Trent 1000-A,0.07,21.763,2,0.018518518518518517,converged,,0.23212722563527394,0.43975917543537807,21.763000000000005,10.666140956452415,743.6641874647498,1762.6173437479433,1274.550450195446,21.94220640372194,7.60018481605276,14.162815183947243,7.872881246190478,21.655274022918274,1.0448696620837143
TAKE-OFF,100.0,2.508,11RR050,43.8,9.3,334.7,Trent 1000-C,1.0,334.7,5,0.009259259259259259,converged,,2.0867663582601566,0.22201917439955335,334.6999999995263,6.234736654505856,904.9497976538595,1446.0751397409754,665.4042812680477,44.38035,0.7945040940349676,333.90549590549136,140.18639664835183,43.8,90.41174920273696
APPROACH,30.0,0.668,11RR050,43.8,9.3,334.7,Trent 1000-C,0.3,100.41,5,0.009259259259259259,converged,,0.6383878676866801,0.23986827306574227,100.41000000000383,6.357811649105226,835.1837702372815,1421.6411560654167,765.2468914469035,33.1653069622643,17.786760895924818,82.623239104079,39.69486651791969,32.731613088837214,8.326882825787116
IDLE,7.0,0.246,11RR050,43.8,9.3,334.7,Trent 1000-C,0.07,23.429000000000002,5,0.009259259259259259,converged,,0.24452651455043797,0.4222483344664492,23.429000000000006,10.436916409169742,757.4276475474842,1739.3831835242936,1240.58890802711,23.407233351982473,8.218069838039606,15.2109301619604,8.637350467733881,23.10114320452255,1.174503308912954
TAKE-OFF,100.0,2.503,12RR063,44.1,9.2,334.7,Trent 1000-D2,1.0,334.7,6,0.012345679012345678,converged,,2.0672532644268005,0.21994310059008537,334.69999999982787,6.17643640402708,906.6384456003981,1442.958579152732,663.0677083706173,44.684325,4.384885770739674,330.3151142290882,140.18639664835183,44.1,88.90806124621083
APPROACH,30.0,0.666,12RR063,44.1,9.2,334.7,Trent 1000-D2,0.3,100.41,6,0.012345679012345678,converged,,0.6480897928915227,0.24351368075923677,100.40999999999406,6.454434746455144,836.7555773867814,1431.270132490483,776.7852361197084,33.39067184751382,18.675182821765365,81.7348171782287,39.69486651791969,32.954030937590744,8.58983066575387
IDLE,7.0,0.247,12RR063,44.1,9.2,334.7,Trent 1000-D2,0.07,23.429000000000002,6,0.012345679012345678,converged,,0.24991430279557053,0.43155196608753416,23.429,10.666878773979706,758.8624547852623,1759.3931255492582,1262.5515896852405,23.564200525010392,8.381628226877885,15.047371773122116,8.637350467733881,23.25605775969444,1.2275739892993742
TAKE-OFF,100.0,2.649,19RR090,47.8,8.9,350.9,Trent 1000-J3,1.0,350.9,7,0.00411522633744856,converged,,2.1182707848340896,0.21237745740212272,350.89999999999884,6.036679352619255,926.759159258835,1444.6222990657072,654.2818890559134,48.43335,11.80581557635745,339.09418442364137,148.76322641228552,47.8,95.03095817779258
APPROACH,30.0,0.699,19RR090,47.8,8.9,350.9,Trent 1000-J3,0.3,105.27,7,0.00411522633744856,converged,,0.6913366635629384,0.24478683488538489,105.27000000000314,6.5672714312046905,855.4922729357811,1451.3716910613748,788.478249958874,36.170172098924525,21.362845963918826,83.90715403608432,42.123462449950665,35.69718440555097,9.931333322093042
IDLE,7.0,0.256,19RR090,47.8,8.9,350.9,Trent 1000-J3,0.07,24.563000000000002,7,0.00411522633744856,converged,,0.267031469885602,0.4345249496701629,24.563,10.871288925847901,775.977570482405,1780.3219057791214,1275.085471215572,25.500128992354668,9.115701225813806,15.447298774186192,9.165797495008674,25.166670606814378,1.423542577444272
TAKE-OFF,100.0,2.508,12RR057,43.8,9.3,334.7,Trent 1000-D,1.0,334.7,5,0.009259259259259259,converged,,2.0867663582601566,0.22201917439955335,334.6999999995263,6.234736654505856,904.9497976538595,1446.0751397409754,665.4042812680477,44.38035,0.7945040940349676,333.90549590549136,140.18639664835183,43.8,90.41174920273696
APPROACH,30.0,0.668,12RR057,43.8,9.3,334.7,Trent 1000-D,0.3,100.41,5,0.009259259259259259,converged,,0.6383878676866801,0.23986827306574227,100.41000000000383,6.357811649105226,835.1837702372815,1421.6411560654167,765.2468914469035,33.1653069622643,17.786760895924818,82.623239104079,39.69486651791969,32.731613088837214,8.326882825787116
IDLE,7.0,0.247,12RR057,43.8,9.3,334.7,Trent 1000-D,0.07,23.429000000000002,5,0.009259259259259259,converged,,0.24452651455043797,0.4222483344664492,23.429000000000006,10.436916409169742,757.4276475474842,1739.3831835242936,1240.58890802711,23.407233351982473,8.218069838039606,15.2109301619604,8.637350467733881,23.10114320452255,1.174503308912954
TAKE-OFF,100.0,2.508,12RR056,43.8,9.3,334.7,Trent 1000-C,1.0,334.7,5,0.009259259259259259,converged,,2.0867663582601566,0.22201917439955335,334.6999999995263,6.234736654505856,904.9497976538595,1446.0751397409754,665.4042812680477,44.38035,0.7945040940349676,333.90549590549136,140.18639664835183,43.8,90.41174920273696
APPROACH,30.0,0.668,12RR056,43.8,9.3,334.7,Trent 1000-C,0.3,100.41,5,0.009259259259259259,converged,,0.6383878676866801,0.23986827306574227,100.41000000000383,6.357811649105226,835.1837702372815,1421.6411560654167,765.2468914469035,33.1653069622643,17.786760895924818,82.623239104079,39.69486651791969,32.731613088837214,8.326882825787116
IDLE,7.0,0.247,12RR056,43.8,9.3,334.7,Trent 1000-C,0.07,23.429000000000002,5,0.009259259259259259,converged,,0.24452651455043797,0.4222483344664492,23.429000000000006,10.436916409169742,757.4276475474842,1739.3831835242936,1240.58890802711,23.407233351982473,8.218069838039606,15.2109301619604,8.637350467733881,23.10114320452255,1.174503308912954
TAKE-OFF,100.0,2.721,19RR094,48.7,8.9,358.1,Trent 1000-N3,1.0,358.1,8,0.006172839506172839,converged,,2.1621660009778005,0.2113167186911416,358.09999999997643,6.03788327555974,931.4678905194083,1446.6243521293713,652.0634237019538,49.345275,10.24162985405187,347.85837014592454,152.6081420870836,48.7,99.35477602283227
APPROACH,30.0,0.712,19RR094,48.7,8.9,358.1,Trent 1000-N3,0.3,107.43,8,0.006172839506172839,converged,,0.6968248324988543,0.24051378357879355,107.42999999999823,6.486315112155504,859.8792102422315,1445.8517952440943,778.18502682488,36.846266754673074,21.354192194016946,86.07580780598128,43.21218017244561,36.364437951811574,10.130071200417687
IDLE,7.0,0.26,19RR094,48.7,8.9,358.1,Trent 1000-N3,0.07,25.067000000000004,8,0.006172839506172839,converged,,0.2675816710415016,0.4244499794742547,25.067000000000007,10.674658756193462,779.9878089095725,1763.5948938635802,1253.4870925224664,25.971030511438414,9.220452280879313,15.846547719120695,9.402695546432446,25.63141427233004,1.4354395635886243
TAKE-OFF,100.0,2.721,19RR093,48.7,8.9,358.1,Trent 1000-M3,1.0,358.1,8,0.006172839506172839,converged,,2.1621660009778005,0.2113167186911416,358.09999999997643,6.03788327555974,931.4678905194083,1446.6243521293713,652.0634237019538,49.345275,10.24162985405187,347.85837014592454,152.6081420870836,48.7,99.35477602283227
APPROACH,30.0,0.712,19RR093,48.7,8.9,358.1,Trent 1000-M3,0.3,107.43,8,0.006172839506172839,converged,,0.6968248324988543,0.24051378357879355,107.42999999999823,6.486315112155504,859.8792102422315,1445.8517952440943,778.18502682488,36.846266754673074,21.354192194016946,86.07580780598128,43.21218017244561,36.364437951811574,10.130071200417687
IDLE,7.0,0.26,19RR093,48.7,8.9,358.1,Trent 1000-M3,0.07,25.067000000000004,8,0.006172839506172839,converged,,0.2675816710415016,0.4244499794742547,25.067000000000007,10.674658756193462,779.9878089095725,1763.5948938635802,1253.4870925224664,25.971030511438414,9.220452280879313,15.846547719120695,9.402695546432446,25.63141427233004,1.4354395635886243
TAKE-OFF,100.0,2.649,19RR096,47.8,8.9,350.9,Trent 1000-Q3,1.0,350.9,7,0.00411522633744856,converged,,2.1182707848340896,0.21237745740212272,350.89999999999884,6.036679352619255,926.759159258835,1444.6222990657072,654.2818890559134,48.43335,11.80581557635745,339.09418442364137,148.76322641228552,47.8,95.03095817779258
APPROACH,30.0,0.699,19RR096,47.8,8.9,350.9,Trent 1000-Q3,0.3,105.27,7,0.00411522633744856,converged,,0.6913366635629384,0.24478683488538489,105.27000000000314,6.5672714312046905,855.4922729357811,1451.3716910613748,788.478249958874,36.170172098924525,21.362845963918826,83.90715403608432,42.123462449950665,35.69718440555097,9.931333322093042
IDLE,7.0,0.256,19RR096,47.8,8.9,350.9,Trent 1000-Q3,0.07,24.563000000000002,7,0.00411522633744856,converged,,0.267031469885602,0.4345249496701629,24.563,10.871288925847901,775.977570482405,1780.3219057791214,1275.085471215572,25.500128992354668,9.115701225813806,15.447298774186192,9.165797495008674,25.166670606814378,1.423542577444272
