xi_pct,Fuel,T4_K,Thrust_kN,TSFC_mg_per_Ns,Fuel_Flow_kg_s
0.0,Jet-A1,1718.4631816460883,310.89999999996684,7.702899840935895,2.3948315605467143
0.0,HEFA-SPK,1718.335604315219,310.89999999996127,7.69926453229478,2.3937013430901493
0.0,FT-SPK,1718.1970143679764,310.8999999999655,7.691540282995883,2.391299873983155
0.0,ATJ-SPK,1717.5878680033154,310.89999999996473,7.677944402218249,2.3870729146493828
2.0,Jet-A1,1716.9679190458346,310.89999999996564,7.863224870732175,2.444676612310363
2.0,HEFA-SPK,1716.8380632098374,310.8999999999668,7.859501200022503,2.443518923086735
2.0,FT-SPK,1716.6969996251653,310.8999999999637,7.851601392734584,2.4410628730008974
2.0,ATJ-SPK,1716.0769902406305,310.8999999999661,7.837663059342227,2.4367294451492327
4.0,Jet-A1,1715.412765833365,310.8999999999658,8.030315884020126,2.4966252083415825
4.0,HEFA-SPK,1715.280550147987,310.89999999996536,8.026499576046087,2.4954387181924504
4.0,FT-SPK,1715.1369245959404,310.8999999999672,8.018416173539753,2.492925588353246
4.0,ATJ-SPK,1714.505665150265,310.8999999999673,8.004118369170042,2.4884804009747046
6.0,Jet-A1,1713.7940083522994,310.89999999996513,8.204610693979186,2.550813464757843
6.0,HEFA-SPK,1713.659347160175,310.89999999996445,8.200697157476654,2.5495967462592
6.0,FT-SPK,1713.5130666218733,310.89999999996644,8.192421557833063,2.547023862330024
6.0,ATJ-SPK,1712.8701496164954,310.89999999996274,8.177745976928993,2.5424612242269196
