param,i,value,sse,nfev,status,fit_a_thrust,fit_k_pi,fit_k_mdot,fit_W_ref,D
W_ref,0,60.0,0.4097007018613722,28,3,1.2796273343489786,1.0765693029294012,0.20000000008230367,,183.40005153507457
W_ref,1,65.0,0.3764233412944244,35,3,1.2780779134916713,1.1371826305920099,0.20000000008077382,,181.11281457689057
W_ref,2,70.0,0.3595892125008735,37,3,1.2769750207707886,1.1932499649614914,0.2000000000033542,,179.87750749379416
W_ref,3,75.0,0.3489161624610594,11,2,1.2626811897219121,1.3686507682755715,0.20000000000000004,,179.0639804197902
W_ref,4,80.0,0.33786487468691107,6,2,1.2270681058799595,1.4461580334455082,0.20000000000000004,,178.19496828417067
W_ref,5,85.0,0.33371894391736545,10,2,1.1703551460685528,1.4911263658189826,0.20000000000049714,,177.86160244140495
W_ref,6,90.0,0.08796951976519368,26,3,1.2622086728124766,1.4232041724782596,0.2956947946258871,,141.8622657789274
W_ref,7,95.0,0.013495141248688513,13,3,1.188464973741748,1.4448773403961672,0.30686989952100163,,91.24642755345903
W_ref,8,100.0,0.0014394071938100004,6,2,1.1333309688441517,1.3846443458926136,0.37734349897233843,,30.81777196050208
W_ref,9,105.0,0.001279939945028007,8,2,1.0876036859652598,1.3025950364880727,0.4551637492564846,,27.647480588071723
W_ref,10,110.0,0.005311357582566357,9,2,1.0744844973880612,1.191286602698859,0.5442129131130378,,66.06940692998663
W_ref,11,115.0,0.009382226976940439,10,2,1.1131874551716505,1.0288617285023718,0.6542598536776828,,81.43158841363369
W_ref,12,120.0,0.011452818163939057,17,3,1.1885119302586047,0.7674842063250326,0.8022644383258912,,86.8158926426132
W_ref,13,125.0,0.010926172782634292,30,3,1.2763751119361455,0.2225643993877945,1.0491434909889943,,85.54487455932187
W_ref,14,130.0,0.15377414079166044,8,2,1.2692951778991524,0.20000000009610278,1.0735637216280862,,156.94161780449588
W_ref,15,135.0,0.3349157047315576,7,1,1.252663141218647,0.2000000000010605,1.0882151463534855,,177.95825485555648
W_ref,16,140.0,0.336052399171023,6,1,1.257433629110139,0.20000000000030363,1.1021171606465112,,178.04973693659147
a_thrust,0,0.0,0.08380203181402214,11,2,,1.4819286652947328,0.30030606457015796,112.6636578516187,140.5518711341947
a_thrust,1,0.125,0.010012314878652303,17,3,,1.4826234971275327,0.298878912771276,110.69295508550881,83.1865525246061
a_thrust,2,0.25,0.009529737641075987,14,2,,1.4835592041160686,0.3000269142182255,109.06541195164436,81.85278936055599
a_thrust,3,0.375,0.008603722110098948,11,2,,1.4695905789673225,0.3160478687389382,107.23734419211786,79.09278795263126
a_thrust,4,0.5,0.007150049102051456,9,2,,1.4448192774853197,0.33955068726863646,105.80413748944211,74.09574434896165
a_thrust,5,0.625,0.005336957680278333,8,2,,1.4164164665592358,0.3632282590414111,104.69639360801408,66.19923102945471
a_thrust,6,0.75,0.003467015714962527,7,2,,1.390714853556283,0.38293406548445647,103.82683718238262,54.55246868251854
a_thrust,7,0.875,0.0018573143745573132,9,4,,1.3702273124121036,0.3978708327100019,103.15511107473195,37.70007740936393
a_thrust,8,1.0,0.0007847479528368981,7,4,,1.3557188764899335,0.4082143608095305,102.66899906984665,14.438922615679887
a_thrust,9,1.125,0.0004670343946078559,6,1,,1.3475904515443018,0.414107928159146,102.36731748801505,0.4270112028669113
a_thrust,10,1.25,0.001050529267824066,4,1,,1.3463322003627471,0.4154284118736791,102.25432114333849,22.31446604588365
a_thrust,11,1.375,0.0025965138668997533,5,1,,1.352607529415513,0.41175883792600565,102.3397711748341,46.74610787051097
a_thrust,12,1.5,0.005063485510923009,6,2,,1.3672119717216724,0.402378008942831,102.64263023570291,64.77901252061325
a_thrust,13,1.625,0.008282648105648145,7,2,,1.390821757918185,0.3863094425127109,103.20264470866218,78.06591919149469
a_thrust,14,1.75,0.01192209992634503,9,2,,1.422953641456074,0.3628403169282412,104.11851267598476,87.90015828805535
a_thrust,15,1.875,0.01543881909212879,11,2,,1.4589163783820225,0.3338135612106198,105.68362890256667,94.87942186423652
a_thrust,16,2.0,0.017988003727529525,23,3,,1.4881330924508727,0.3073970354485579,109.27541626786744,99.00556235375657
k_mdot,0,0.2,0.010331937705592991,12,3,0.9970299430877594,1.4999999999999998,,101.02950969469416,84.03500113875846
k_mdot,1,0.28125,0.0035219794985880994,13,1,1.074051469575703,1.4999999999999856,,100.81735004099727,54.97715140389604
k_mdot,2,0.36250000000000004,0.0008593167136179583,6,2,1.0994617761744705,1.4142259307290983,,101.68150483636295,16.889846734517096
k_mdot,3,0.44375000000000003,0.0005811019591733739,6,2,1.1138353460281736,1.3063011225521357,,102.86593590145716,6.327140990976715
k_mdot,4,0.525,0.001887754220019881,8,2,1.1258061059080473,1.1839610974906394,,104.28463977247962,38.138998035927564
k_mdot,5,0.60625,0.0040706531226836935,9,2,1.138009636078981,1.0498654867881154,,105.88027667174265,58.8862186907735
k_mdot,6,0.6875,0.006509171093957966,10,2,1.1512766157351162,0.9051474773339588,,107.61074037384402,71.56025253811015
k_mdot,7,0.76875,0.008743780329792934,13,2,1.1658741078493893,0.750582683931556,,109.46517112099173,79.5287762586691
k_mdot,8,0.8500000000000001,0.010523617552123192,18,2,1.1821133897367158,0.5875862054192973,,111.52934116985654,84.5313198915158
k_mdot,9,0.9312500000000001,0.011762825292432784,34,2,1.2023962393358478,0.42359854487376725,,114.53661449551132,87.53701760662712
k_mdot,10,1.0125,0.00993236300183721,30,3,1.2636340222135358,0.3389424663374163,,127.76671605727333,82.97008252191581
k_mdot,11,1.09375,0.35673046748426196,13,3,1.2639668197113851,0.3375359480918408,,127.77033001047447,179.66199889506896
k_mdot,12,1.175,0.4225649824602407,20,3,1.2828609653160943,0.22588570846051315,,127.77884398707681,184.23479276767793
k_mdot,13,1.25625,0.6284161699032424,14,3,1.2828611787463298,0.2258856754277983,,127.77964731073703,194.94999652188932
k_mdot,14,1.3375,0.7121433914065286,15,3,1.2828611787550876,0.2258856754277983,,127.77964968932483,198.32706595432828
k_mdot,15,1.41875,0.7121433904987442,15,3,1.2828611787622453,0.2258856754277983,,127.7796516336599,198.3270659199108
k_mdot,16,1.5,0.7121433904987586,15,3,1.2828611787622453,0.2258856754277983,,127.7796516336599,198.32706591991135
k_pi,0,0.2,0.01005974286206749,15,3,1.2618665239327733,,1.062967242600303,127.77897342262878,83.31414860388924
k_pi,1,0.28125,0.00986767835147836,40,0,1.261994824845738,,1.035338698114671,127.77479439486811,82.79366957996835
k_pi,2,0.36250000000000004,0.01203745616257955,30,3,1.2035285089231607,,0.9531409438241566,113.8957268985075,88.16014995345557
k_pi,3,0.44375000000000003,0.011584180422048933,21,3,1.1932482203458215,,0.9136940150557403,112.35999985449799,87.12381638521131
k_pi,4,0.525,0.01100650840817519,18,3,1.1846402755914949,,0.8749067382028689,111.22295610748925,85.74266812328031
k_pi,5,0.60625,0.010296654849655227,17,3,1.1765999922812451,,0.8356332691760853,110.20732509914909,83.94264020461092
k_pi,6,0.6875,0.009444142368751466,16,3,1.1688746542459745,,0.7955436522534095,109.24811124002638,81.60918204045538
k_pi,7,0.76875,0.008442185545285887,15,3,1.1613612045086839,,0.75444150329751,108.31955323374076,78.58103839883104
k_pi,8,0.8500000000000001,0.007293087925618927,13,3,1.1540328293633302,,0.7121688562798775,107.41214802642793,74.63055538078183
k_pi,9,0.9312500000000001,0.006014658133341908,12,3,1.1468456882734037,,0.6685535407775584,106.52087687985852,69.42691212556056
k_pi,10,1.0125,0.0046480149264206735,12,3,1.1397959697281572,,0.6234193910965483,105.64899761993512,62.467411532737316
k_pi,11,1.09375,0.003265930265306369,11,3,1.132817584231239,,0.5765256082818213,104.79974157710325,52.9392306486106
k_pi,12,1.175,0.0019823561020331022,6,2,1.1258089397722855,,0.5275565859938963,103.9812299734356,39.45924966875687
k_pi,13,1.25625,0.0009661108729898229,7,2,1.1184990754570316,,0.47603258605519044,103.20375272443162,20.052655046095804
k_pi,14,1.3375,0.00046798406021860155,5,2,1.1102630953205925,,0.4211799996819988,102.48481998845573,0.48185713702927885
k_pi,15,1.41875,0.0008974072971313539,7,2,1.0994378537358394,,0.3616078506212496,101.85809001281598,18.060898038615875
k_pi,16,1.5,0.0031374479661193137,12,3,1.0814286777027438,,0.29496547547936,101.41423693839815,51.85558773325189
