case,fit_W_ref,fit_a_thrust,fit_k_pi,fit_k_mdot,cal_sse,refit_nfev,heldout_mape_pct,heldout_unreachable,dp_status,dp_ff_kg_s,dp_tsfc_mg_Ns,dp_T4_K,dp_T3_K,dp_phi,dp_m_core_kg_s,fixed_combustor_pressure_loss,fixed_eta_compressor,fixed_eta_turbine_polytropic,fixed_fpr_rated,fixed_eta_fan,fixed_fan_e_poly,fixed_eta_b_TAKE-OFF,fixed_eta_b_APPROACH,fixed_eta_b_IDLE
central,102.39547191158805,1.109036507149692,1.3482577723216178,0.41360456851971344,0.000459706239335649,3,1.8236129405720565,0,converged,2.3948315605475403,7.70289984093774,1718.4631816463416,901.5451512272988,0.3488323474355371,102.39547191158805,,,,,,,,,
draw_00,95.563164727609,1.1092061011321677,1.3271721996218981,0.44161145255498085,0.00043707851865261893,7,1.8421478759467684,0,converged,2.3846562264633406,7.670171201232999,1773.083883496083,908.328168841139,0.3721840740799613,95.563164727609,0.047739560485559634,0.8505940011419576,0.9171719583982277,1.5789472116237455,0.8966124415082529,0.9030597060088973,0.999919482783881,0.9998518050490202,0.998391076796564
draw_01,91.72114235934436,1.1152766606828866,1.3193283251436307,0.455191822604804,0.00044877859127090766,10,1.8859191490174312,0,converged,2.3805182994150638,7.6568616899809,1803.1891842988018,907.791372123043,0.3871012722754028,91.72114235934436,0.04128113632675546,0.851330872643421,0.9074159604846517,1.6707059955394408,0.939457906020653,0.9436816323739611,0.9999132313703317,0.9998178769360409,0.99763053518666
draw_02,95.92127346956946,1.1154772414549428,1.3307878909747322,0.42971117935510056,0.0004811700673418965,7,1.864638570273082,0,converged,2.3953835800412144,7.704675394149929,1789.919527260967,926.3478024288366,0.3724625924818012,95.92127346956946,0.04554584787015835,0.8265773214007565,0.9165526234398517,1.552665759648826,0.9490537775089953,0.9521226839923091,0.9998940823416957,0.9998741825993507,0.9985367772899406
draw_03,113.34902665109328,1.1079663090617438,1.3379327771172695,0.39302775882230523,0.0005186131052810894,7,1.9130873359138745,0,converged,2.4029603810752636,7.729045934626965,1666.36685006051,919.944818881895,0.31619234013265407,113.34902665109328,0.04778383497073762,0.8349543463953116,0.9093344200745407,1.3175215063148915,0.9038154308079069,0.9075019934637918,0.9999075176623826,0.9998500561833223,0.9986380175261161
draw_04,107.46760149411257,1.1091720542345729,1.352804518666191,0.400212646356082,0.0004903621385858722,8,1.8632736513880412,0,converged,2.4017304987937638,7.725090057233902,1694.9901007814944,911.5390388623114,0.33332604270561955,107.46760149411257,0.04325825358138152,0.8462128737749443,0.9093911162255162,1.3757885436337143,0.9013453340629047,0.9057011992442914,0.9998990380928495,0.9997947576052642,0.998232864286287
draw_05,101.83219755072119,1.1094688591861974,1.348406115056759,0.41763621755607405,0.000500287764304076,5,1.8599328965912427,0,converged,2.410573295580841,7.75353263293935,1717.3003963966792,890.4718236240967,0.3530675099112983,101.83219755072119,0.044371519188723306,0.8758105872396499,0.914005302040045,1.4249466565528164,0.9554246790712803,0.9576039993231054,0.9999124953521115,0.9998119038655924,0.9977136756484023
draw_06,114.5090683448226,1.1109622730898052,1.332496461095878,0.3905989577403627,0.000555635038379802,9,1.9707201119201532,0,converged,2.4067713415580676,7.741303768280323,1663.0435358646084,922.6154842436903,0.3134855159310555,114.5090683448226,0.04682495503974976,0.8314397601696221,0.9039981640495022,1.3029449079004023,0.9525036194060755,0.954253711497408,0.9999067734305466,0.9998458278669932,0.9983838156793371
draw_07,109.35776344594046,1.1100773914067479,1.3512696215197104,0.3983553945456234,0.0005103826573182918,7,1.8857098759715456,0,converged,2.4078706248581927,7.7448395781865305,1676.1994683617013,902.3238401036107,0.3284022004486593,109.35776344594046,0.0445891577553834,0.8589096369954226,0.9027959399625531,1.3458120294143894,0.9431516919520514,0.9454949788763158,0.9998988496140061,0.9998308856098964,0.9983624074762917
draw_08,103.8433572929197,1.1076367166675372,1.3475289634802319,0.4123503584263162,0.000465825917035617,5,1.820400736475716,0,converged,2.3991363678861592,7.716746117356584,1710.9158535710126,903.018858817005,0.34458688413308886,103.8433572929197,0.04634718320000591,0.8579387661141503,0.9111841432149083,1.4215800392250448,0.893195268192881,0.8983774379745707,0.9998974436532333,0.99979344152266,0.9978772642791791
draw_09,105.19965983678564,1.1106716179995573,1.3385418208175492,0.4051636029033857,0.0004896195474063318,8,1.8707009913216197,0,converged,2.397161683823051,7.710394608629966,1714.6722096600975,918.0462851744342,0.33986427921478296,105.19965983678564,0.048534030732681664,0.8374709336623464,0.9011660548337813,1.4125535568087986,0.913680008310818,0.9177965786989579,0.9999066534273026,0.9998300095559436,0.9983881288172348
draw_10,108.02533380057172,1.1073263173098533,1.347910414233392,0.40336486581995074,0.0004839598608055203,8,1.8482982084551003,0,converged,2.4029373273206636,7.72897178295485,1690.1595803653836,909.8488543474951,0.3317717139255419,108.02533380057172,0.046643135403273875,0.8485134343847811,0.9162804076933208,1.3667891679630817,0.8931556748296454,0.8977784222045923,0.9998832662090414,0.999847663914203,0.9979498697952502
draw_11,95.41489543335743,1.1127417668296675,1.3368649718636392,0.4356608883324794,0.0004499490610220413,9,1.852989629055912,0,converged,2.3869355311182816,7.677502512442212,1772.3821189919918,905.439268731452,0.37311872103960253,95.41489543335743,0.04161271779033602,0.8545747622335086,0.9030462420542634,1.5785281500310944,0.9243530985550603,0.9290709487649209,0.9998951658953695,0.9998027240107601,0.9981790634642146
draw_12,91.76602073910742,1.1188836277123375,1.3203594814749837,0.44924664192619373,0.00045111349451827084,10,1.8921969440488418,0,converged,2.376976069568722,7.6454682199058235,1817.2795714404042,925.1716756253791,0.3863362315020344,91.76602073910742,0.04361812610553391,0.8281034229135115,0.9023601180424103,1.6847590658198057,0.9604399407511722,0.9632441130432922,0.9999081989176011,0.9997989179891377,0.9986402857701677
draw_13,104.48288421868125,1.1068158314689025,1.3467497174734893,0.41290070957547487,0.00046675554043974115,6,1.8178094177192952,0,converged,2.4013690448971556,7.723927452226311,1700.4586523684577,895.6144515379166,0.3427964256260915,104.48288421868125,0.04778750903965795,0.8683962143298362,0.9089872300428758,1.4088966247380637,0.8984152496111804,0.9032232921031436,0.9999164965498649,0.9998191970139576,0.9975966807164807
draw_14,92.3488846356703,1.114450576384052,1.3219555018789744,0.45057508058670087,0.0004543923076816099,9,1.8729793253552762,0,converged,2.3859892859326863,7.674458944781894,1794.2635022789075,901.8444275469112,0.3853535499571953,92.3488846356703,0.043059566241506524,0.8595806094640691,0.9035354556587847,1.6426457136369501,0.9486864715641788,0.952154593254822,0.9999090068543907,0.9998166680133715,0.9981750162936536
draw_15,101.40025938660473,1.1081074158101374,1.3455281260582066,0.4185628373371911,0.0004504323463644249,6,1.814206648280186,0,converged,2.393149464595124,7.697489432599301,1722.4643270028823,898.6324803150691,0.35200861053557647,101.40025938660473,0.045840979689127356,0.8641031431126815,0.9016888864227978,1.4663229608682438,0.8935736496651432,0.8991752874483938,0.9998997859152178,0.9998057512535993,0.9975179636690223
draw_16,91.91007164749107,1.1145361248866024,1.3190232999295615,0.4568778469473357,0.00044435407749447535,10,1.8851923715211256,0,converged,2.3789349787034264,7.651768989075036,1795.325251547753,901.4595044172218,0.38604861335680396,91.91007164749107,0.04103402967722552,0.8601200963887494,0.9034118593707378,1.6700480473507189,0.9344728136424193,0.9390404182238592,0.9998937692341879,0.999833627766465,0.9973523066747473
draw_17,110.43799974059918,1.1077841184239117,1.342274180084222,0.4019986159768602,0.0005044691673303512,6,1.8767887194636022,0,converged,2.4087182010271744,7.747565780080989,1673.2667054414944,906.307350066902,0.32530444062314184,110.43799974059918,0.04958559213241446,0.853374678790739,0.9156547045450057,1.3330919999689754,0.9292385181857632,0.93206405064894,0.9998996516194684,0.9998706724300065,0.9980993728308591
draw_18,98.77753257163431,1.1127495566503112,1.3402722412824573,0.421094618785257,0.00046840181011256646,6,1.844661223833362,0,converged,2.393237986304416,7.697774159872681,1758.0572879913786,916.4591851435044,0.3613684588428008,98.77753257163431,0.04473489401056954,0.8395863732837084,0.9066313799468511,1.508268960988615,0.9242645628510611,0.928535556916543,0.9998804674500369,0.9998587622870567,0.9985409141454578
draw_19,96.11405891481273,1.1114483671663244,1.3395438006627651,0.4343329664058873,0.0004428534003289772,7,1.8472321786108141,0,converged,2.3852399719642796,7.67204880014242,1764.0509358299041,902.9978986839518,0.3701414229251834,96.11405891481273,0.041402490889986106,0.8579680132022964,0.9021715148227089,1.5688960372159246,0.9114319527949722,0.9168831766257027,0.9999065514372454,0.9998481588878472,0.9983673731372059
draw_20,111.89231761153485,1.106061577034552,1.3668014997426239,0.39465488168327434,0.0004946677915667953,8,1.8580946554397513,0,converged,2.4102568741879407,7.7525148735546425,1646.9768565277482,886.8241868237754,0.3212814049099723,111.89231761153485,0.04107740945955897,0.8811467767705118,0.9046042798178976,1.3149650224704719,0.9346135224831499,0.9371035974880306,0.9998947528876543,0.9998591357993966,0.9984212727361311
draw_21,98.11440534713567,1.1079051448573458,1.3434366700701759,0.4303223240981927,0.00045472618288210917,6,1.821140392692345,0,converged,2.3965665371053246,7.7084803380679405,1735.9743942174664,885.2236329626058,0.36431683848249546,98.11440534713567,0.04317138892822715,0.8835088353139772,0.9058183567628024,1.506022851692686,0.9099572081768674,0.9150158201929458,0.9999178641646455,0.9997881047763996,0.9973823931677178
draw_22,92.32726955164784,1.1111192298927257,1.3203126034423596,0.45218050500906304,0.0004875063077991556,8,1.865342737475282,0,converged,2.4015668882049845,7.724563808957811,1783.1401171917514,883.5202117499753,0.387960244586458,92.32726955164784,0.04435097060003038,0.8860366535721274,0.9178335453250983,1.5994432077827796,0.9593205873224724,0.961929565075923,0.9999161221147875,0.9998259331921849,0.9977512395502194
draw_23,109.70446906723164,1.108704714971593,1.3467273056465188,0.40198683937171503,0.0005078716139118442,7,1.878307788245363,0,converged,2.4101584304012382,7.7521982322329945,1670.807928422853,898.0984576534601,0.32767537202353986,109.70446906723164,0.047720124321109884,0.8648596835294982,0.9074731545774742,1.3377866672246062,0.9492360359399763,0.951287752278693,0.999890317220439,0.9998705642249451,0.9976492237472129
draw_24,106.63071970631923,1.108837927724876,1.3607074817025568,0.4032211578596013,0.0004943286120918785,6,1.8505139461066171,0,converged,2.408296748365992,7.746210190948829,1683.3688687598,890.5407743240673,0.33686057706618,106.63071970631923,0.04122757932411486,0.8757103404304261,0.90306568633249,1.3717073232630956,0.937665328209174,0.9403943882933903,0.9999153498076637,0.9997915033858548,0.9977436108302
draw_25,108.22556233569097,1.10354240237006,1.3543608007469266,0.40718532607810565,0.0004654142764741316,6,1.8072758254550965,0,converged,2.4054080666379307,7.7369188376903715,1666.455207880685,884.4057051222466,0.3314984037342326,108.22556233569097,0.047774048382411775,0.8847208094173671,0.9100148237240469,1.3575590010205003,0.8925800246327816,0.8971298916616361,0.9998889756437204,0.9997846037872662,0.9982435406134257
draw_26,97.20428498041866,1.1102918547067548,1.34325546295948,0.4295879746042072,0.0004540809199792328,7,1.8363777888924246,0,converged,2.3921486776709453,7.694270433164821,1759.6549237856925,905.1949057537772,0.3670500504156527,97.20428498041866,0.04121832504628531,0.8549131921137293,0.9138852487128578,1.532446643688361,0.9053288202130305,0.9108634206576782,0.999912469185483,0.9998469215257685,0.9983270021921616
draw_27,101.25128023644804,1.1123074796796368,1.3490387514799898,0.41199035851741,0.00048511450883364474,5,1.8542801320682203,0,converged,2.398708448885037,7.715369729446892,1747.7063552183477,923.3982064519851,0.35334542380835526,101.25128023644804,0.041310577515573134,0.8304153001892014,0.9185512510201302,1.4590312775299763,0.913861297915433,0.9183401083226115,0.9998995647990572,0.9998413107642732,0.9986218404587195
draw_28,96.97633746943082,1.110645500820709,1.3408093389756885,0.43149918878717713,0.00046831537016365745,7,1.8374821215981016,0,converged,2.3986781607264946,7.715272308544519,1746.5717969165075,886.4417236293696,0.3689170545385525,96.97633746943082,0.04286446226882055,0.8817100575208117,0.9004971898277252,1.5220792169307298,0.9394631041655042,0.9429507607532321,0.9998839143941068,0.9997855133101202,0.9978916710046303
draw_29,92.88100320398142,1.1107632006533557,1.3137704772656957,0.45365716082661633,0.0004511403302386515,8,1.8561775456408345,0,converged,2.388608843845481,7.682884669815003,1789.9166805613156,901.0762961261765,0.3835664984309,92.88100320398142,0.04966231912143182,0.8606578529743519,0.9186604644320042,1.6217443662451883,0.9257471774727333,0.930639500354936,0.9999116773922473,0.999772431926217,0.9974698124943919
draw_30,97.57190327308068,1.1103305351525525,1.3333129517031677,0.4317745340910343,0.0004684093222240703,6,1.8339331535377041,0,converged,2.3990213198584165,7.716376069020323,1747.1071314568844,892.0552327711666,0.3667176901211631,97.57190327308068,0.048294286148827366,0.8735142559285725,0.9046528148393287,1.5123078362396214,0.9373271733252448,0.9408845691497308,0.9999150707697672,0.9998349296456421,0.997882766556091
draw_31,92.61101522882336,1.1131584060222355,1.3208154575183761,0.45215554400982777,0.00044454712418706026,9,1.8737206329656695,0,converged,2.3816151910174725,7.66038980706894,1796.9570825518063,908.935536458063,0.38355838044649876,92.61101522882336,0.04374184043407183,0.849761792237106,0.9130386205115996,1.6469962527009299,0.9245185573758974,0.9296429795854385,0.9998897192799574,0.9997957990745695,0.9983365701465189
draw_32,98.80901932653889,1.1104691082183191,1.3347034888137141,0.4225935902630933,0.0004440334520395931,7,1.8594392955616872,0,converged,2.3802509644237273,7.65600181545104,1760.8923172398688,924.3045223217051,0.3592929456148367,98.80901932653889,0.048165687634239104,0.8292322251050646,0.9013311771391036,1.5377734655025808,0.9010744116755306,0.9069022027458404,0.999913309178387,0.9998036661247864,0.9975170759721039
draw_33,109.43211053157623,1.1088544077092324,1.3352721331657216,0.39871064236747206,0.0005041075459715275,7,1.8936182934653296,0,converged,2.3992604365579133,7.717145180308497,1690.579482144909,921.3583062907883,0.3270055675139069,109.43211053157623,0.04920970472487451,0.8330905087862571,0.9056944016467587,1.3614453580768235,0.9003762400197645,0.9046347157048698,0.999880448471631,0.999776442599789,0.9975589522115442
draw_34,100.78238696974714,1.10980851265437,1.3534190774512267,0.4166599104891251,0.0004753988548444904,6,1.8368032254335704,0,converged,2.401424326168178,7.724105262683097,1731.9327192409169,901.2997721920722,0.3553913024385409,100.78238696974714,0.04053381932627175,0.8603441670858663,0.9136142905359902,1.4574521827328113,0.9152025272877861,0.9195995420647565,0.9999002167730963,0.999863964075277,0.9984796310913959
draw_35,105.43319239894385,1.1136501238787422,1.35147051143683,0.3996747203949272,0.0005141363016068741,8,1.9010947719102926,0,converged,2.402491153297083,7.727536678343775,1716.9754054592595,920.5821531667572,0.33986541289960953,105.43319239894385,0.04043475062012792,0.8341129201196427,0.9047348974220879,1.3997550303328847,0.9353063703490655,0.9383140929637909,0.9998966071242624,0.999775786806178,0.9978297468876571
draw_36,111.7298145800599,1.1118660355069492,1.3403269305413583,0.3947918495181546,0.0005468340091173409,7,1.9501469392851762,0,converged,2.4102890530707217,7.752618375910978,1682.3116857071368,924.4817229607365,0.3217529813614715,111.7298145800599,0.045237529487176374,0.8290013070557327,0.9166691710757713,1.3207847465860418,0.9630146539709066,0.9644458141204347,0.9998836369439983,0.9998606078439936,0.9985497500314043
draw_37,94.68895840047892,1.1107841807200527,1.322087750254552,0.4435991764771432,0.0004786551706826642,7,1.8479790846536068,0,converged,2.4010009082597037,7.722743352395302,1770.5486659321664,891.8247275029875,0.3781947663746466,94.68895840047892,0.04979570680586593,0.8738477958775678,0.9155895508154266,1.556993310398219,0.9506787015899412,0.9536678306033237,0.9998850862648961,0.9998277709162926,0.9980211103369268
draw_38,96.63288012036061,1.1102840153606808,1.3295946347425414,0.435287134341598,0.0004435884462105342,7,1.8369142033716914,0,converged,2.387108666559989,7.678059397105137,1764.33055454328,907.2133568933754,0.368442563428296,96.63288012036061,0.04857572144122558,0.8521257544667347,0.9077017899220071,1.5558253084948441,0.9103734721877728,0.9157916391633125,0.9998852995874248,0.9998215570533031,0.9978886429263647
draw_39,103.07777206513073,1.1115483927015584,1.3512189029846269,0.40825403903002966,0.0004865353549848446,7,1.8547752043562908,0,converged,2.400424605368103,7.720889692403037,1724.5311455385734,911.6781299860742,0.34733262312547997,103.07777206513073,0.04232569940528874,0.8460241081140294,0.907327848996525,1.4309982257650182,0.9201982452781695,0.9241423954918201,0.9999076278526131,0.9998022289996467,0.9986126330863766
draw_40,97.4843951445393,1.1133674976560628,1.3298176717407688,0.42894280745780416,0.00048326832609009885,7,1.852054508600914,0,converged,2.4001750119284186,7.72008688301198,1761.069696006531,906.3719704220556,0.36722339226009565,97.4843951445393,0.04916348019538178,0.8532854788310791,0.9065672241000938,1.5141739159320013,0.9563213029687665,0.9588086201203708,0.9999062719001268,0.9998564236994006,0.998046287365936
draw_41,106.14830028156247,1.111689402879726,1.343167477301249,0.40507681094009407,0.0005141420728257396,6,1.888153317425901,0,converged,2.4076936206630535,7.744270249800759,1709.0419420082048,915.4458739278806,0.338306784408158,106.14830028156247,0.04632917629267621,0.8409426109442658,0.9146978632462058,1.3809618372502874,0.9449871401573299,0.947445581719687,0.9999147836835769,0.9997846337530402,0.9981574202512726
draw_42,92.97430092373892,1.1127859275819754,1.3167674794003001,0.4635563615657373,0.0004300942723332643,10,1.896172197178343,0,converged,2.368162402587955,7.6171193392986565,1777.141296450117,895.2193874240083,0.3799015712810483,92.97430092373892,0.04095095748229935,0.8689613427781528,0.9016898643764705,1.6743759290802505,0.8992010222038218,0.9062544460297935,0.9999187980964478,0.9998560491370584,0.9981292513735739
draw_43,103.7305912691717,1.107513518440598,1.3455004306364844,0.41612458236215466,0.0004923051129169728,5,1.8481914586014785,0,converged,2.4099824559020524,7.751632215831637,1705.086204264686,892.1306007752981,0.346520998475001,103.7305912691717,0.04782624104629547,0.8734052540401587,0.9189205412563466,1.401353341535675,0.9367565833638811,0.9397066086669791,0.999883470744391,0.9998363240937024,0.9975543927544264
draw_44,97.54017335431595,1.1125289525621445,1.3363728710643703,0.4281055229875076,0.0004832713996819848,6,1.8512935064627283,0,converged,2.401367001228807,7.723920878831793,1757.2092012862686,902.1549588864493,0.3671956644766572,97.54017335431595,0.045649506114724424,0.8591458789065474,0.9093197030596246,1.5090527102052491,0.9497131568265325,0.9525539385214868,0.9999122696201229,0.9998230815005164,0.9981372966277434
draw_45,111.3720140504645,1.1113532026842767,1.3294107167662883,0.39545852491856104,0.0005406773486209074,7,1.9452312979924826,0,converged,2.404394075889432,7.73365736857418,1682.028904017812,923.5951958718011,0.32199720743684007,111.3720140504645,0.04931236235690102,0.8301578696047018,0.9023420713180023,1.3350836047643073,0.9424042183223812,0.944716096764495,0.999896703061489,0.999853212649866,0.9982347933422852
draw_46,103.4711357599445,1.106655402702731,1.3547580205168723,0.41436044285857476,0.00048038146457632424,5,1.8315403621011062,0,converged,2.4074293516994634,7.743420237051994,1702.0347687670182,887.5928558306924,0.347021884991855,103.4711357599445,0.04333637758328238,0.8800168772125135,0.9152506429414131,1.4082139763640702,0.9191929305998463,0.9230137901133548,0.9998924429796807,0.9997873576950087,0.9975223993013077
draw_47,94.656694989574,1.1123512179779946,1.3222605553590403,0.44208384340432927,0.0004505364847097287,7,1.8507189867611886,0,converged,2.3877244081992597,7.6800399105798025,1781.4515011798312,908.3736650572105,0.37623170593562594,94.656694989574,0.049361274633757446,0.8505316062179241,0.9076663964555483,1.5918742834709512,0.932693733424561,0.9369661875221893,0.9999178681077195,0.9998538512286144,0.9979736762353236
draw_48,91.50786193444956,1.1090147126600822,1.3059666720863152,0.4715665638803525,0.00043513126346871614,10,1.8891386031922996,0,converged,2.3759372678942965,7.642126947231597,1781.921590876775,883.7674652571781,0.3872568343545637,91.50786193444956,0.043763594734808266,0.885668840868698,0.9143552047200729,1.6804778640015363,0.8976456141145774,0.9048555668563394,0.9999143671405173,0.9998385567606454,0.9974872024614919
draw_49,99.18556579654363,1.112481875491988,1.3398705822238441,0.42272683864086397,0.0004854172903356382,6,1.8509001649846073,0,converged,2.4023511367955424,7.727086319702615,1740.2193064863477,896.9969500874532,0.36125223300002396,99.18556579654363,0.04588257999969221,0.8664243616227449,0.9002460537177721,1.4817271847366986,0.9546440734267009,0.9570970238774081,0.9998916626423553,0.9998194929979752,0.9979232451122911
draw_50,107.96443500958611,1.1068938221965665,1.3605080802166911,0.40422112047069203,0.0005079956851719074,6,1.8806661240043407,0,converged,2.4151388688910616,7.768217654844206,1673.11306639857,886.7184827529857,0.33364446196168757,107.96443500958611,0.043019273914424914,0.8813023826935628,0.9156258807086304,1.3442353643984442,0.968486373812653,0.9697808612141966,0.9999155394832666,0.9998008442162089,0.9984602577019075
draw_51,95.49388678725346,1.1069327134125668,1.3369268187396215,0.4424988743366302,0.00044424331984814546,7,1.8301355673011848,0,converged,2.391320294089189,7.691605963619143,1753.1660496111986,883.2308131834711,0.37349492812806834,95.49388678725346,0.04106419531871383,0.8864675492282017,0.9133136947221308,1.5600500062235187,0.8964915332372188,0.9027835697241274,0.9999162687993796,0.9997736239299918,0.9976490297867271
draw_52,91.53594313534656,1.1133582963033406,1.3173472433199425,0.45850212904555254,0.00045025183799702267,9,1.880380360613893,0,converged,2.3836650741216574,7.666983191128662,1792.4603830368592,892.9441151981193,0.38839721043065106,91.53594313534656,0.04143021875166635,0.8722304281725215,0.903964084544258,1.664255290852354,0.9404752025345554,0.9445982820063015,0.9998810625146057,0.9997711070580777,0.9973915759981886
draw_53,93.81752080644594,1.1091497127705932,1.3176939398082532,0.4582695475627626,0.00042403962831250817,10,1.8696835832184975,0,converged,2.3737107531333215,7.634965433043824,1768.8973831277235,891.8487960389316,0.37736913334507405,93.81752080644594,0.04605925177647728,0.8738129569194271,0.9047710564125478,1.6397635371692292,0.8931415839812972,0.900329440377326,0.9999123399261889,0.9998696012734911,0.9983720833079663
draw_54,106.77935210200773,1.1064597645847283,1.3516380745880086,0.40684054365758,0.0004693567924449268,6,1.820266393419834,0,converged,2.4022547138053167,7.726776178209461,1680.3133761218737,890.2384227345191,0.33554772784775777,106.77935210200773,0.046981207839786376,0.8761500971229904,0.9008030259909413,1.3807128442876222,0.9009093347153329,0.905331859900687,0.9999002169674827,0.9998501016705127,0.9981786949851427
draw_55,107.3408430583771,1.1100399733901103,1.338345680034251,0.40326780661422434,0.000502449626982909,8,1.88298007787557,0,converged,2.402512426647595,7.727605103401724,1705.457433016056,921.8609220642627,0.33382831491265585,107.3408430583771,0.04851131099761935,0.8324297588829986,0.9146924218387033,1.3772165963475618,0.9122204320762064,0.9161090717223854,0.999908615958544,0.9998751977726409,0.9981535603736801
draw_56,92.17364040109074,1.1148056197817524,1.3232249332778647,0.4522259527194933,0.00045051320260432474,9,1.8791514168572954,0,converged,2.383110126383479,7.665198219310012,1793.2688267685508,900.1534884961441,0.3856203116379285,92.17364040109074,0.04054500314991296,0.8619555933443026,0.9008470110316034,1.653658284546727,0.9447566014740111,0.9485378352689359,0.9998866638594355,0.9997803216052049,0.9975710535757296
draw_57,95.64649698219947,1.1117054548032168,1.324216530706493,0.43822991308881454,0.00046571238314818133,7,1.8453767573236615,0,converged,2.395307671259804,7.704431235959477,1774.9785616936965,907.4106062790667,0.37352077849441967,95.64649698219947,0.04980027179554193,0.8518543319349348,0.9156816189668282,1.5545633368431107,0.9344430538727313,0.9384013317819433,0.9998855188661145,0.9998715478479989,0.9977313879558094
draw_58,92.18398827442725,1.1106592518624416,1.3087619871458829,0.4664763827975482,0.0004314262442250855,10,1.8869848581115274,0,converged,2.3731268670378927,7.633087381916676,1786.4944292090836,896.3820249848419,0.38396177617561256,92.18398827442725,0.04578017215807542,0.8673003202497,0.9129846631049062,1.6762377638782073,0.9000619781707658,0.9070696413550923,0.999900373262219,0.9998136717886272,0.9979665980855963
draw_59,104.11557417819127,1.1132711904954256,1.3496457124864072,0.4027213163034039,0.0005019251252877137,8,1.8863010612046849,0,converged,2.399208613701647,7.716978493733205,1727.112298044487,922.8920704983773,0.34369628899874105,104.11557417819127,0.041192175261977444,0.8310774637031493,0.9055615109156252,1.4218818415043326,0.9240317749807586,0.9277220474910518,0.9999045706293122,0.9998382956978232,0.997881731307799
draw_60,104.01188896895638,1.1098816310790218,1.3474997979577235,0.4074179924235214,0.00047647556068022704,6,1.8494299534489587,0,converged,2.396328040142115,7.707713220141913,1723.2663343211962,918.8328447501759,0.3436258406967703,104.01188896895638,0.044087831094286975,0.8364264771851159,0.9117661249681802,1.4268163645268952,0.8935476176345027,0.8987648217530971,0.9998966945445975,0.9998211571887207,0.9976282952388681
draw_61,95.15324707808486,1.1121310113091516,1.3294318796130216,0.43824913808111576,0.0004709040836855523,8,1.8508723752773593,0,converged,2.3968612874830644,7.709428393319604,1775.0055966536934,902.4598292535046,0.3757005384255004,95.15324707808486,0.045724579331221156,0.858719501031763,0.9140400436222075,1.559179392880484,0.9407114801824632,0.9443148028769042,0.9998925155364446,0.9998546126788139,0.998068637266282
draw_62,97.78659622167014,1.1123239323648995,1.3392889765093945,0.42694049737100837,0.0004818233108056595,6,1.8494222767524748,0,converged,2.4012029695296535,7.723393276068355,1753.0414561276752,899.7126334664255,0.36624530992090265,97.78659622167014,0.044314181951798905,0.862576948276611,0.9072131466890051,1.5050956978427033,0.9476007073075084,0.9505425503788361,0.9999158340525077,0.9998688817356383,0.9980066978009539
draw_63,92.69586954997907,1.1111041755153666,1.3192041180600367,0.45448275903394564,0.00044442401847524603,9,1.8631483326780303,0,converged,2.384894198406827,7.67093663044976,1782.0043254844647,891.920092397409,0.38373486864701095,92.69586954997907,0.04520275114740569,0.8737097724745478,0.906289013834884,1.6349529449380273,0.9277825530186755,0.9326170676776376,0.9998843216918363,0.9997782220262965,0.9984671940347244
oat_combustor_pressure_loss=lo,102.30071332904632,1.1098187540472992,1.3571095367831707,0.41069189990267735,0.00046296896796617636,8,1.8276378037095222,0,converged,2.3952677165601566,7.704302722933939,1719.2723074710084,901.5451512272988,0.3492190516287022,102.30071332904632,,,,,,,,,
oat_combustor_pressure_loss=hi,102.49160028922878,1.1082263234553422,1.3396033559058815,0.4164159738982177,0.00045642170979999833,6,1.819439489025527,0,converged,2.3943850767045505,7.701463739802351,1717.6424853262643,901.5451512272988,0.34844019839243173,102.49160028922878,,,,,,,,,
oat_eta_compressor=lo,103.56342555001889,1.1104351611440926,1.3424299687397379,0.40370063505865506,0.0004806200874279843,8,1.8801547926517934,0,converged,2.3888855154924844,7.683774575402014,1733.8562971229508,929.5186342355981,0.3440419967876361,103.56342555001889,,,,,,,,,
oat_eta_compressor=hi,101.69841810925827,1.106475636201096,1.3502073303447988,0.41952770800511935,0.00045279141772143917,5,1.805949363350134,0,converged,2.3981635940208768,7.713617221038532,1707.871694900287,883.1923318892877,0.3517119606637937,101.69841810925827,,,,,,,,,
oat_eta_turbine_polytropic=lo,102.39547191158805,1.109036507149692,1.3482577723216178,0.41360456851971344,0.00045970623933467664,3,1.823612940579119,0,converged,2.394831560547563,7.702899840937797,1718.4631816463461,901.5451512272988,0.3488323474355404,102.39547191158805,,,,,,,,,
oat_eta_turbine_polytropic=hi,101.32438114333412,1.1077556144196572,1.3468507031442212,0.41935045536052634,0.0004675294430816363,9,1.824484112405108,0,converged,2.4009463197559264,7.722567770202408,1728.0410129328193,901.5451512272988,0.35341991641381926,101.32438114333412,,,,,,,,,
oat_fpr_rated=lo,115.06932041697077,1.1063022049149256,1.3511564589448353,0.39009566306990573,0.0005020886229718103,7,1.8857040017928757,0,converged,2.403809949534233,7.731778544659028,1639.6908618324676,901.5451512272988,0.3115753630156915,115.06932041697077,,,,,,,,,
oat_fpr_rated=hi,93.01962681660846,1.1160834280714207,1.3066400138236198,0.4706411949380655,0.00043463759028073215,11,1.9131349266984183,0,converged,2.3602393748905772,7.591635171729131,1779.8250806512528,901.5451512272988,0.37844605976680934,93.01962681660846,,,,,,,,,
oat_fan_e_poly=lo,102.63285949661328,1.108249354997524,1.3489832780459212,0.41336396427110844,0.00045372219107676145,5,1.8196997560076495,0,converged,2.3930795475126283,7.697264546518577,1716.2433307628926,901.5451512272988,0.3477708969442355,102.63285949661328,,,,,,,,,
oat_fan_e_poly=hi,100.97022658614978,1.1136929074945734,1.3430725584855432,0.4157476796210366,0.0005025330855795412,5,1.8685316854201253,0,converged,2.4057389671021276,7.737983168549781,1732.0991200754802,901.5451512272988,0.3553674953780012,100.97022658614978,,,,,,,,,
oat_eta_b=lo,102.3959646994632,1.1091089661361966,1.3475221215425472,0.4139285145354539,0.00046012921757869083,4,1.8243744524511376,0,converged,2.394839763988087,7.702926227044363,1718.450620105442,901.5451512272988,0.3488318635664625,102.3959646994632,,,,,,,,,
oat_eta_b=hi,102.39429644195141,1.1089883392668303,1.348736716166623,0.4133877186442915,0.00045944047625281814,5,1.823125171688084,0,converged,2.3948289983903037,7.702891599840148,1718.492636140706,901.5451512272988,0.34883597876398503,102.39429644195141,,,,,,,,,
