family,station,x_shock_over_H,M1,exit_pp0,l2_upper,l2_lower,l2_upper_Hhalf,l2_lower_Hhalf
A_shock,17,0.12893668031405148,1.0146923940487298,0.8805100892396008,0.2593266823775508,0.25772042195832784,0.37570816337175245,0.3776424261902401
A_shock,18,0.24511799367278603,1.0317019568645325,0.8804696853807159,0.2599265705161086,0.25756569004813734,0.36730169420315445,0.36788128501153616
A_shock,19,0.3512012548435515,1.0475336485573667,0.8803674385913703,0.26238137136934564,0.25548168210272376,0.34811488043772815,0.35029299413325543
A_shock,20,0.44951684888580984,1.0625183632736763,0.8801889554975622,0.2635838851130114,0.2583851685763464,0.32907519820690995,0.32878490254604215
A_shock,21,0.5420066237385982,1.0769000264024082,0.8799244429848486,0.26923680966117725,0.25728046273482813,0.3164928956877163,0.31603239237722774
A_shock,22,0.6302241465419696,1.090873447922645,0.8795652917830846,0.2706451640288455,0.25903535215387335,0.29836547877527736,0.2997489089828055
A_shock,23,0.7153710464380555,1.104595132088765,0.8791025126285485,0.26857439033461766,0.2581504822641703,0.27795443512603896,0.2785536314806261
A_shock,24,0.7983504714467152,1.1181835969545517,0.8785264183620791,0.2698216137316681,0.260741232021832,0.2611464936771397,0.257095164600381
A_shock,25,0.8798246026093984,1.131729508307938,0.8778265177057812,0.26121079548134474,0.25280953601639444,0.2661813780524003,0.26100840481225457
A_shock,26,0.9602687834199284,1.1452972541162592,0.8769919213449772,0.26237147055656257,0.2524831594432278,0.2844019040504848,0.2796697025067402
A_shock,27,1.0400178135550167,1.1589304762879384,0.8760116976925999,0.2466987708201653,0.23695350151523303,0.2823665663266528,0.2758637959360562
A_shock,28,1.1193034156794825,1.1726586647967667,0.8748750452719918,0.24675224947739532,0.2356972451674055,0.2896805422697287,0.28382449428658063
A_shock,29,1.1982836662279182,1.1865001711350658,0.8735715626752625,0.22035576185323882,0.20998995975278179,0.3079522374599531,0.3036404949342973
A_shock,30,1.27706447675788,1.2004636280481369,0.8720916056080995,0.22087357817378592,0.2030414817304593,0.32738892156470945,0.3209826735753854
A_shock,31,1.3557167282299962,1.2145524534442234,0.8704262426238245,0.18234202550883405,0.1687473126014387,0.3300781161561088,0.3255165718585074
A_shock,32,1.4342866739637452,1.228765587476834,0.8685674478293038,0.17265969924849064,0.15104704182882805,0.3297555349396895,0.32517522242253477
A_shock,33,1.5128044605934647,1.2430987835545484,0.8665081828972333,0.17740474018036453,0.14712767773783697,0.36841846929298133,0.3631408304678301
A_shock,34,1.5912892083131274,1.2575447264884887,0.8642425874299008,0.16951480767245763,0.13768271795345985,0.3501489215645805,0.3440784963586917
A_shock,35,1.6697534445445095,1.2720956245530088,0.8617657307193356,0.19713872353542922,0.16790274856198445,0.3529710966892217,0.3460105482703302
A_shock,36,1.748204887795866,1.2867408952919102,0.8590740902904079,0.19152237474795822,0.16245268575141497,0.3795957281316773,0.3713866956633387
A_shock,37,1.8266484797598426,1.3014698974244874,0.8561651851512305,0.18768242916809813,0.15969375925507306,0.3793964980970725,0.3712267865945766
A_shock,38,1.9050872570372932,1.3162705252296123,0.8530378823572144,0.21880144814981012,0.19443795224981408,0.3794982062292088,0.3716139167020826
A_shock,39,1.9835230034868947,1.3311304454998962,0.8496921996354685,0.21398515563535622,0.19007975563490967,0.37976742738482405,0.372188197534088
A_shock,40,2.06195696607782,1.346036104272877,0.8461295464880689,0.22570254584518365,0.19518183963908917,0.4222929906791251,0.4216185154855188
A_shock,41,2.140389958803833,1.3609740842472096,0.8423524294983541,0.2457126718762609,0.2271579280003361,0.4128925317306008,0.40305019435977474
A_shock,42,2.2188222645422004,1.3759297769056542,0.8383647720074492,0.24200018993503813,0.22404368066917585,0.41833579802726556,0.41378764918308086
A_shock,43,2.2972542989493125,1.3908891047970997,0.8341714601918113,0.27503555949547576,0.2457576063461129,0.453746571582151,0.4435579959088198
A_shock,44,2.3756860562521642,1.4058363687135553,0.8297789065573059,0.2772668258802475,0.26197483658688137,0.45389897074410135,0.4439837006209207
A_shock,45,2.4541172593464955,1.420757143179778,0.8251941967577135,0.27383484274085795,0.2597633713660303,0.45419605870298546,0.44456682367183553
A_shock,46,2.532549016649347,1.435635200537969,0.8204259526651735,0.31319136662733044,0.2999973863894205,0.45465738978375897,0.44532629677740515
A_shock,47,2.6109802255166836,1.45045502981592,0.8154835321494881,0.3114831144443788,0.29883933384050865,0.4917107100474873,0.49254511077713725
A_shock,48,2.689411705715275,1.4652008620327857,0.8103772607817004,0.30996505773278116,0.29789664032231356,0.4916904073723357,0.4807052542792451
A_shock,49,2.7678434630181266,1.4798567592857403,0.8051183487710516,0.30866963195595704,0.2971998790776509,0.49212631629963427,0.4813999834662478
A_shock,50,2.8462746718854635,1.4944066782592542,0.7997188094651516,0.3076284274374502,0.296778310668767,0.49270724689286477,0.482246939519069
A_shock,51,2.9247058749797943,1.508834361362889,0.7941914399481996,0.32276516013525425,0.3115698729913408,0.5134329771865062,0.502847069640975
A_shock,52,3.003137360951391,1.5231244527158332,0.7885493191372288,0.35177884866228687,0.3398830787779852,0.5314567783735972,0.5195855503594139
A_shock,53,3.0815688411499824,1.5372605706833302,0.7828064847510374,0.35145184909044896,0.3400601378435142,0.5319823142830319,0.5203335814103538
A_shock,54,3.160000321348574,1.5512273803776329,0.7769770523577525,0.3513533382590472,0.3404733476973307,0.5326230991005587,0.5212001406157384
A_shock,55,3.23843153021591,1.5650096232294843,0.7710755193312949,0.35149481186459003,0.34113188185581683,0.5730212867593405,0.5615856413386225
A_shock,56,3.316862733310241,1.5785922213135215,0.7651166604047153,0.35207027866168455,0.34204230191932333,0.5709401910862167,0.5597164558185814
A_shock,57,3.395294219281838,1.5919597613662049,0.7591157027564049,0.3988182134092774,0.38966717311412996,0.571481982415234,0.5604373545364895
A_shock,58,3.4746299888234615,1.6052484944462886,0.7530178086176431,0.3993222269866469,0.3882239196618062,0.5764068100091636,0.565472295298208
A_shock,59,3.5575842954855097,1.6188766018398877,0.7466289934564966,0.4000410214318791,0.38937639376619326,0.6074975701792726,0.5974363847426252
A_shock,60,3.648679677081168,1.6335092607983908,0.7396188494080526,0.40105392381645233,0.3908611677869149,0.6080006965878066,0.5980836276033087
A_shock,61,3.7533432609629376,1.6498654592144983,0.7316010944069558,0.40249912626168177,0.39283992900504133,0.6096297833351745,0.5997559251844677
A_shock,62,3.8766638301812724,1.6684728645566727,0.7222494239221776,0.4045693228064752,0.39552265992930513,0.6422732295441665,0.6334039260419183
A_shock,63,4.0223719643459175,1.6894729389138912,0.7114044874350303,0.41589195291609204,0.4062489338745571,0.6428891896182005,0.6341596851257156
A_shock,64,4.192334324350536,1.7125339206783625,0.6991439319415668,0.45546550137275993,0.4449341764607918,0.6799407111190572,0.6721975835167828
A_shock,65,4.3865498075510905,1.736877247453234,0.6858053235835218,0.45881115753054796,0.4492344937494652,0.6824572335262366,0.6752922918652408
A_shock,66,4.603503282900357,1.7613977825169913,0.6719581204791543,0.5068960682891356,0.4965159981987404,0.7063771629422901,0.699979487099212
A_shock,67,4.840668517861679,1.7848329334831807,0.6583342730361097,0.5099257945761116,0.5004442415794105,0.7063771629422901,0.699979487099212
A_shock,68,5.095012502390024,1.8059432688401558,0.6457295973467335,0.513416205174994,0.5060849913939142,0.7063771629422901,0.699979487099212
A_shock,69,5.3634132990647725,1.8236759848552582,0.6348913606726916,0.5596895283632092,0.5472350117236966,0.7063771629422901,0.699979487099212
A_shock,70,5.6429413962821835,1.8373052751681365,0.626400737152825,0.5588828678719578,0.54954248731982,0.7063771629422901,0.699979487099212
A_shock,71,5.931030081191548,1.8465535926049534,0.6205574198452286,0.5804537430901446,0.5713259156849144,0.7063771629422901,0.699979487099212
A_shock,72,6.225537759288764,1.8517124972296402,0.6172683981328448,0.6023129336764437,0.5929864724233879,0.7063771629422901,0.699979487099212
A_shock,73,6.524753727421775,1.853733002888108,0.6159743897869807,0.6233073224306239,0.6142413728116006,0.7063771629422901,0.699979487099212
A_shock,74,6.827352907655005,1.8541045674959862,0.6157360645287088,0.6439045355987394,0.6353973039454569,0.7063771629422901,0.699979487099212
A_shock,75,7.13233876379171,1.8541138693404995,0.6157300967891385,0.6678201396230719,0.6599708094826021,0.7063771629422901,0.699979487099212
A_shock,76,7.438975699480429,1.8541138693404995,0.6157300967891385,0.6840073526447259,0.676933637311151,0.7063771629422901,0.699979487099212
A_shock,77,7.746722033621984,1.8541138693404995,0.6157300967891385,0.7124668556370743,0.7060812505932206,0.7063771629422901,0.699979487099212
A_shock,78,8.055164303567718,1.8541138693404995,0.6157300967891385,0.7223181931037448,0.7165958646242643,0.7063771629422901,0.699979487099212
A_shock,79,8.363955032121002,1.8541138693404995,0.6157300967891385,0.7563645863172507,0.7512188343660099,0.7063771629422901,0.699979487099212
B_supersonic,-1,nan,1.8541138693404995,0.16017836114672826,0.7941619336818309,0.7912692910174053,0.7063771629422901,0.699979487099212
C_subsonic,-1,nan,0.2,0.9757365837314559,0.3233956940435714,0.3290320398053565,0.57374000202417,0.5753730896164535
C_subsonic,-1,nan,0.26,0.959599567638454,0.319886749839128,0.3256609953389798,0.5696696516137558,0.5713555195478324
C_subsonic,-1,nan,0.32,0.9399417167875639,0.3142490932965598,0.3202283391090664,0.5627200107960693,0.5644929957025053
C_subsonic,-1,nan,0.38,0.9172199594622092,0.30449660673753104,0.3107592024946958,0.54930454198559,0.5512325175215961
C_subsonic,-1,nan,0.44,0.8919702564547467,0.2835684399858624,0.28975647397086596,0.511048320795938,0.5133170162144228
