checkpoint,attempt,gate_attempt,physics_weight,epochs,collapsed_at_epoch,best_epoch,val_loss_best,L2_Cp_upper,L2_Cp_lower,L2_Cp_worst,degenerate,band,ceiling_rel,activation,mu_source,split_ok,git_sha,seed,L2_u_XH_1.729,L2_u_XH_2.882,L2_u_XH_4.611,L2_u_XH_6.340
le_pinn_sajben_v5.pt,P4.3-attempt-1,True,0.05,5000,,350,0.011070883832871914,0.25831444534354336,0.1873720838307151,0.25831444534354336,False,fail,0.16931444534354337,relu,sutherland,True,c78b5bcb,42,0.10617889185843035,0.1701662688932113,0.33579694581692315,0.33578790860041274
le_pinn_sajben_v5_dataonly_ref.pt,P4.3-reference-1-data-only,False,0.0,5000,,4999,0.0005373947788029909,0.1048983165813661,0.07197595427224088,0.1048983165813661,False,partial,0.015898316581366104,relu,sutherland,True,9509fb69,42,0.06174228553679427,0.10975917522583141,0.16110730785574753,0.16094850637505215
le_pinn_sajben_v5_a2.pt,P4.3-attempt-2,True,0.05,5000,,300,0.012050172314047813,0.24538985954191586,0.16585058298716454,0.24538985954191586,False,partial,0.15638985954191587,relu,sutherland,True,ddda4817,42,0.1201315526589205,0.18601348821691474,0.3340157932259185,0.3552683474943772
le_pinn_sajben_v5_a3_s42.pt,P4.3-attempt-3,True,0.05,5000,,4999,0.021514790132641792,0.1563340271962358,0.11215382033341156,0.1563340271962358,False,partial,0.0673340271962358,tanh,data,True,94dcf69b,42,0.21010239695694866,0.33345433986560846,0.3656935482187104,0.3933816371811016
le_pinn_sajben_v5_a3_dataonly_s42.pt,P4.3-attempt-3-dataonly,False,0.0,5000,,4999,0.0011711549013853073,0.15643650493217104,0.07421284831030868,0.15643650493217104,False,partial,0.06743650493217104,tanh,data,True,b3bfa43c,42,0.07149801819852844,0.12981860776927742,0.15770884605944036,0.14672967969612485
le_pinn_sajben_v5_a3_s43.pt,P4.3-attempt-3,True,0.05,5000,,4999,0.015262111090123653,0.14429379609630952,0.11383985490676922,0.14429379609630952,False,partial,0.05529379609630952,tanh,data,True,94dcf69b,43,0.16182190519120113,0.25206111042130525,0.32508025998726436,0.3384711106542434
le_pinn_sajben_v5_a3_dataonly_s43.pt,P4.3-attempt-3-dataonly,False,0.0,5000,,4999,0.0013709957711398602,0.10588702603819286,0.061333043164305434,0.10588702603819286,False,partial,0.016887026038192865,tanh,data,True,b3bfa43c,43,0.07655283806118664,0.12666997420679163,0.16009026252632721,0.1487990960160689
le_pinn_sajben_v5_a3_s44.pt,P4.3-attempt-3,True,0.05,5000,,4999,0.016495727002620697,0.17527528421065755,0.14043763173146243,0.17527528421065755,False,partial,0.08627528421065755,tanh,data,True,94dcf69b,44,0.14868720256319334,0.23155354903643077,0.3205436227603289,0.3327275500610249
le_pinn_sajben_v5_a3_dataonly_s44.pt,P4.3-attempt-3-dataonly,False,0.0,5000,,4999,0.0017019840888679028,0.08248732257824844,0.06683153942032918,0.08248732257824844,False,pass,-0.006512677421751559,tanh,data,True,b3bfa43c,44,0.0612708568638136,0.09836144379785593,0.16115899218446503,0.15088960845937976
