mode,fuel,thrust_kN_analytic,thrust_kN_pinn,thrust_rel_err,tsfc_analytic,tsfc_pinn,tsfc_rel_err
TAKE-OFF,Jet-A1,241.60999464425643,242.00934094584233,0.0016528550574816947,9.594830267698217,9.578997573113892,-0.001650127635673515
TAKE-OFF,HEFA-SPK,241.5837961163547,241.96505876526797,0.0015781797249747598,9.588209084047392,9.573101010128072,-0.0015756929982322365
TAKE-OFF,FT-SPK,241.58143120857181,241.9543623310721,0.0015437077288373846,9.578311011354867,9.563547688872449,-0.0015413283683225476
TAKE-OFF,ATJ-SPK,241.43025440828134,241.7042527707237,0.0011348965485453721,9.5494453309574,9.538619984059608,-0.001133610018447806
APPROACH,Jet-A1,82.0409234039951,82.49311070959715,0.005511728620792633,7.543343556236111,7.501994597897845,-0.005481515992213137
APPROACH,HEFA-SPK,82.03040662277232,82.47719522836618,0.005446621856313394,7.538287003935775,7.497451222242068,-0.005417116869175453
APPROACH,FT-SPK,82.0290616414356,82.47378677529547,0.005421555787189725,7.530554855448278,7.489947686224282,-0.00539232101796816
APPROACH,ATJ-SPK,81.9687587084992,82.3838927343593,0.0050645396173001345,7.508682068746608,7.470845674851587,-0.005039019304400649
IDLE,Jet-A1,26.531950860755643,26.45109582516423,-0.0030474591188470734,9.129746483199678,9.157654059570763,0.0030567745142144886
IDLE,HEFA-SPK,26.52884341471868,26.44842992078793,-0.003031172248019409,9.123525515465875,9.151264574678924,0.0030403881883189765
IDLE,FT-SPK,26.52840210770767,26.44779310321421,-0.0030385925306085637,9.114169538043932,9.141948193540033,0.0030478537161449104
IDLE,ATJ-SPK,26.51063671787549,26.43279379134202,-0.0029362903411889185,9.087101740786187,9.113862687767199,0.0029449375328218785
