W_ref,a_thrust,k_pi,k_mdot,sse,n_unreachable
89.963209507789,1.9014286128198323,1.1515921243548266,0.9782560294561476,0.7884362652713304,67
72.48149123539493,0.3119890406724053,0.27550869581865933,1.3260289895074158,1.0,93
108.0892009394567,1.416145155592091,0.22675984258454318,1.4608828078105927,0.6705429412172721,62
126.59541126403374,0.4246782213565523,0.4363724573692308,0.438425862809464,0.7480111495740877,64
84.33937943676301,1.0495128632644757,0.7615285242347505,0.5785978822574546,0.4024919834585559,31
108.94823157779035,0.27898772130408367,0.5797880430957836,0.6762703962817992,0.17772586296910609,3
96.48559873736288,1.5703519227860272,0.4595759168058677,0.8685047699376951,0.09258000499302813,0
107.39316550896339,0.09290082543999545,0.9898083074718699,0.421681360793479,0.3578473914297884,18
65.20412743882235,1.8977710745066665,1.4553216429969271,1.2509165525513994,1.0,93
84.36910153386965,0.19534422801276774,1.089502934465804,0.7721982418614817,0.9794644569177199,90
135.6109235384309,1.4122673039114597,0.6793474045374266,1.0317376510647553,0.6994136100034012,62
117.2135689757436,0.6877350882260297,0.5320764963947585,0.7377238690941728,0.12078106552809471,1
121.64156621416286,0.7592084868404468,0.4911777878165392,0.9260821500130774,0.016325150493458025,0
96.23053334528132,0.9715113214676527,0.41002440146481295,1.005394126073679,0.6793340937204757,62
123.48617665203676,1.5352519954015826,0.850929722497201,1.1556747519948791,0.6752949183656112,62
133.0067468223367,1.049102395282705,0.372003010196186,0.9004766190626643,0.32826324690767605,15
116.0930076315008,0.6413389777764151,0.5871979155311394,0.5874916001147984,0.6004281697230105,47
98.92353830587996,1.6370574009251888,0.806159622680781,0.25802256072610674,0.6766116825184466,62
77.9738605174567,0.8341547328682638,1.3452262935912431,1.1487132636159556,1.0,93
95.03353271340671,1.2301936114623904,0.3417867790590589,0.8303136711160135,0.06868808814556662,0
139.06709319794015,1.3024558620845983,0.29404236776153336,1.0959025698803209,0.4435271665300625,34
93.30901000351493,1.2175698411338693,0.45118486320874956,0.8778065726081875,0.18646781699409165,0
102.5874113881611,1.6733598478864447,0.6632852535304079,0.8404236045944656,0.14054256458504208,0
113.6436114083909,1.1990036765138388,0.2023278804254473,0.9312359745570107,0.06733385654244381,0
121.79621253821574,1.1889375950546865,0.20480984066291943,0.6986058492653052,0.676220537101593,62
114.35400773914266,0.8020207126420065,0.30315176989954873,0.9706714732815768,0.01711856111704867,0
116.66732304059256,0.5639697390611544,0.3102544181675186,1.2364769487448812,0.6724362589679297,62
129.5949457440458,0.8195169555763481,0.5057213745428731,0.9663986848618078,0.1371016596504711,4
110.31982019950584,0.8353265161257052,0.3693927718796717,1.3734542933299423,0.6698108593908555,62
120.11492190432448,0.5118449169538106,0.2035481178684988,0.9499089644013937,0.09925210252553887,1
112.74597582784578,0.9351633532889275,0.6517561234959768,1.075350716050765,0.6719374162514284,62
103.3506094775561,1.188891949233351,0.3311429987867792,0.8121411904668037,0.07829795940450765,0
90.97355444274406,0.730888310851111,0.3110009796614738,0.9598279959998758,0.8015077567005451,82
103.27528029322528,1.0615148641761412,0.24738318491052552,0.6143653747950037,0.666830449731597,62
126.471141141705,1.2849391265229628,0.3677914276693204,0.7771764726000164,0.674987938959261,62
85.35253270304976,0.4053523266666854,0.27156469970012564,1.0628230085110095,0.9360142602833568,91
114.00328312623014,1.408016615259981,0.9142311509605061,0.9283210182293056,0.7002469271925614,31
107.04492618358088,1.117097275019243,0.5451981015183228,1.1935500948010926,0.6683498873641969,62
129.11883555436287,1.8188325731201074,0.4779999809052662,1.496710777025265,0.8908211159953858,88
119.99745209449524,0.9235924886782441,0.41364674828402,0.6567917303597903,0.6754997805521532,62
109.85985054152866,1.3431921612492115,0.2531331009063958,0.44074684378872864,0.6713784613185128,62
103.43425058612598,1.1292827149942404,0.33940449070693124,0.8348834938198889,0.06421969395249982,0
106.12649171926577,1.110036957459877,0.35428500503947313,0.8389681149217346,0.06490762176451026,0
105.79350292998977,0.7488806196619748,0.4168536779006262,0.7379892600341678,0.13959643913739667,2
111.52465041455426,1.1109415084011598,0.6092817989696115,1.0084185289893164,0.6166168462031227,31
125.72108732360414,0.9870489367745232,0.7454272005752215,0.5095674518040563,0.6754728979165038,62
101.04055249640432,0.8911373539184073,0.2633717831301878,0.8924894518211299,0.04349444932876023,0
99.87988153268918,0.5740835171054133,1.1974572074629641,0.8737148264386454,0.6761006698684056,62
88.62083487227353,0.8674110688692638,0.45881228170000693,0.7835123085952899,0.32380281233590946,27
98.01281091472529,0.018133124584350124,0.542468479325032,0.9987730795081051,0.7214658613825466,75
64.22336056710787,0.41894233118608193,0.3777203260786699,0.7223144806349053,0.6722404029391456,61
105.73310189873159,1.0345466616647798,0.26030103826077805,0.8845877850182148,0.05719125724388227,0
105.84878734138715,1.029633181552465,0.26851178089144,0.8897804472187546,0.05126341878962307,0
101.4296162566378,0.7786849876208385,0.2716718253563969,0.8907107033491956,0.045138541636629004,0
101.00842590534734,0.7553137002381611,0.26437068852922807,0.9085050810933495,0.041454398882847215,0
92.24872154701124,0.6395555435299178,0.2819043204603778,1.0436509872638269,0.7990921314731474,80
79.09907009659256,0.7449992175981108,0.23246056052228042,1.1139105509584921,1.0,93
96.22347466024029,0.8922297245635596,0.41283157425396866,0.9163991691316401,0.22900140269723052,0
101.57715268073888,0.6604480840452863,0.28593399982183515,0.9887825944124357,0.41221885838816075,44
88.84799413466033,0.8067508347549057,0.3156772782695366,0.7893982031828568,0.3193549797983952,27
118.41868292882943,0.31042639810037165,0.487938326561272,1.140408448346932,0.668669607901399,61
107.4606010969648,0.9572074750549657,0.25578302354608407,0.879278846313348,0.0664754239475763,0
98.88701856962005,1.002209878549327,0.23494585433986515,0.8931325400260672,0.049459088477672206,0
99.3611562104495,0.7810542354563853,0.22021213095558972,1.0259585078810871,0.5623077875933867,53
95.57369496057152,0.6068516774987422,0.3781187799133151,0.9312799541352146,0.45434884777506523,52
109.24285887211761,0.7015014014146035,0.31168973832733515,0.9666133475592223,0.038994172483080174,0
114.31668823297109,0.5273359276720782,0.31071263558927487,0.9710779870372693,0.030177673603598847,0
115.8445621857644,0.4728697848898689,0.44193306898612206,1.0804621851453944,0.5679145299227746,49
110.36853176867004,0.2056572228454166,0.3089878363583623,0.9502527149968796,0.057844001604781356,0
123.57300010294269,0.6889806600144273,1.0090398231203968,0.2743873696252408,0.7118782503469885,63
114.53707305122309,0.4874931715629388,1.4982332123270719,1.2851579236823525,0.671035810271941,62
108.93524500773198,0.6855849248280388,0.20250983979028336,0.9849522755779774,0.025786361871715673,0
108.6290591309236,0.5567108935464951,0.326507911163034,0.9867106223550195,0.22666203791841372,22
112.45285298293723,0.6939268586490072,0.21246295004553978,1.0427223544472253,0.302782509841545,29
118.50279432013583,0.8852484872531818,0.38763540320799433,0.9608366915395983,0.015214045451979977,0
118.79321252208177,0.8622463739842404,0.3858707329826834,1.1120555653219806,0.5266974445995594,31
123.67640545412476,0.6110505959920317,0.5074492667955723,1.176292655953364,0.6961918328156151,61
120.6889174976715,0.9083222851155356,0.3992962977382457,0.9524069225000936,0.013337901816191305,0
121.30925522562802,0.3806932103553048,0.34430676192712567,1.019938554535937,0.2310976941735573,23
116.53929417430615,0.7132535420241217,0.4188645081499523,0.9591278422099503,0.039697846371613096,0
128.5395337685049,0.5188511259115093,0.6047035725937573,0.9631139033783603,0.29809316433686567,19
116.53799850440333,0.6965440996477378,0.4222943664328478,0.9351046232183543,0.019699835214674027,0
115.33106484677401,0.7011958841051222,0.44603900851874384,1.0589749491671498,0.5258380820915525,37
132.14723395809477,0.9162686816537801,0.4093024468643084,0.9675099406298749,0.225295006265599,12
117.12167398438751,0.8379956050577577,0.5752165343384426,0.8121777382634228,0.045643762278309866,0
121.5275333712146,0.6377044223983757,0.5128032817009299,0.8543775886555631,0.08220276490687678,1
125.03830683345579,0.5597522397259125,0.4016782820471841,0.942719055485085,0.09842419572638007,2
118.22976831103237,0.8140144683017508,0.47330533218944804,0.9979707956593582,0.32901565691888845,29
114.07384003451621,0.7326255727998185,0.35218304094578046,1.0764371513747122,0.5026250624139855,37
111.46889215172105,0.46823638953333524,0.702263905695925,1.027948948847588,0.6657268905301021,59
119.32835609053251,0.35033561359996573,0.43881595845929366,0.8530396292797894,0.09764429085453788,1
117.0727723527583,0.7827537439283964,0.3214329604713773,0.9154867981718111,0.0493343547915541,0
112.95948705961416,0.6766032660302156,0.30659398919512615,0.9815318687697524,0.03428159903714101,0
112.80140704988875,0.7043357530451456,0.30041269304740525,0.9609504760889745,0.02041177499010794,0
112.83774154603945,0.666323229515742,0.3043294691145739,0.9822511883753178,0.035491863662113744,0
113.88539603962319,0.6018771981604663,0.3558362840684402,1.1015151781985382,0.5748061636379485,53
111.86443236644274,0.6590422330796293,0.2951256960375402,1.0026287000834215,0.1308530688610687,15
120.68015793623155,0.5160973532243026,0.3857321738489295,1.0532142844854382,0.4477120393360563,32
122.56388445339113,0.8707163313224544,0.22935074784144294,0.9204833916471089,0.08456023797048609,0
67.11208883999025,0.8229787967810905,0.3474179923488201,0.8083806138342711,0.8472220180503658,85
110.8906018169632,0.9499417990139698,0.29145481363990555,0.7461899823099256,0.45162513981059305,35
109.14118885329385,0.6640495071255155,0.3096927139538737,0.9522052404149612,0.02835907977916049,0
112.98666830610289,0.6437944702288025,0.23611325640368958,0.977838242690136,0.02323437651856879,0
104.5910472725914,0.7713561417769017,0.24838835582153623,0.9406044424784703,0.028605715768972282,0
104.60181812847622,0.7568245516523973,0.20485616347701216,0.936754114999096,0.03581712069298754,0
108.11598285075816,0.6039183380949976,0.2522564141260212,1.0256763596899856,0.3457890794718437,29
115.49465915270021,0.9133095222272474,1.3368221575393742,0.8707729785659867,1.324279655965415,46
127.38785374590702,0.7869109222238487,0.23583139921916485,0.8408543358912184,0.6755489640437671,49
117.95110724875354,0.8455418595179858,0.28187929126225303,0.932120294897077,0.052260648765614634,0
110.2418073200991,0.557320213908776,0.8784344316699905,0.9073077929917267,0.6760192612795417,46
104.63837999663906,0.7389131092582836,0.3686285200855722,1.1293315301105986,0.6676077851684484,62
109.05221791426516,0.6270069823789527,0.3315014824098358,0.9773154520163592,0.13918100262132788,15
112.92024197188671,0.6707114254847476,0.20558579492407342,1.0067772910817827,0.024862242215987047,0
120.15190360188934,0.7205639725366199,0.24544554729904267,1.0067455289110308,0.018073263573971127,0
119.89349644561152,0.775167504869686,0.238278018938487,1.009397212301798,0.016959804403848103,0
124.36101792769523,0.7161717677678228,0.22670349512022792,1.0210251186340826,0.0558631005507355,1
119.68047877888121,0.8780299745702652,0.2085486205929896,1.0769721997172443,0.35972715867444727,31
121.8583146108817,0.5891880909782825,0.27222074871826746,1.0539516029638827,0.2904668872533548,28
115.99146276501152,0.802769677655423,0.2544905486368684,1.0058749885940497,0.020175868253944403,0
120.38404068740712,0.98870311426254,0.20387681421460913,1.006028884069358,0.024204415705519115,0
127.12797349915783,0.9923377899761431,0.24354688392030552,1.007648673821344,0.06382350025134223,1
120.33026102456859,0.804076609147343,0.20363513080021547,1.0913687726214976,0.3669789778877387,31
122.98851481960172,0.9510333600118239,0.26028765158737177,1.005318592268098,0.01627712905829362,0
124.9608288930916,1.0884523896263107,0.27776613883878576,1.041288876624909,0.018186058093259405,0
132.64712661403203,1.0258460824310682,0.2772846797075484,1.0514377953115737,0.25265774659879636,15
130.09211445467886,1.0957807364549412,0.3307618930378892,1.175427516113506,0.6138291399550873,41
122.8028303990988,0.9265907257116689,0.3949695138777519,1.0392265390033537,0.3653182293934635,31
125.78887748920731,0.9669332315686188,0.2554085376350925,0.9042175248836068,0.08990861478662816,0
124.19542884700901,0.8920524148528733,0.28705612666471214,1.1203097035270557,0.39439215360781843,31
118.7006825673027,1.164495975653317,0.3593952797999752,1.0043112386873472,0.041662759663835605,0
116.61145178775155,1.0834117080638415,0.23759284268380054,0.94961388333476,0.050222958638332926,0
120.70197527995177,1.9740981129478952,0.230076164508621,1.0132103103382708,0.10031484751558944,7
115.42661665929928,1.1515654380508424,0.2683554905824725,1.0717490171405686,0.38977895371179916,31
122.58467681131881,0.83095536863602,0.33595874170596174,0.9783804640174648,0.015546320614062793,0
122.59484499598109,1.0575321008747267,0.33828315582570856,0.97581616545497,0.014550093147838932,0
122.40762836472749,1.0358040053252193,0.4257221244390264,0.9679127436329172,0.015011449918798086,0
130.7004183297509,0.8465833935310177,0.4691238146532809,0.9034008412711303,0.1927245031878987,6
123.08700133156036,1.0295203597423412,0.43060102950278856,0.9361458265984448,0.01620686863911178,0
126.02772331746225,1.2339741103321422,0.4252073863035403,0.8644174904541643,0.08502251127222347,0
134.91066691918064,1.0636780387065747,0.44808069616938995,1.3985020939432786,0.9282629388991182,78
122.92285514902778,1.0379613765007254,0.530385051105425,0.9229415222374799,0.012850244296080796,0
122.8919929782723,1.034336958365241,0.4857711851150005,0.9335391482670107,0.010943521505020029,0
122.89484544749685,1.0404063127536805,0.5035426837175918,0.9412868748982164,0.017178334919702845,0
123.11528880494684,1.0302539929029837,0.5598333310535899,0.9273267611595983,0.02632844161385636,0
128.43933874354497,1.0613943710418665,0.5290663912963314,0.8877163236511897,0.14271713014777404,4
125.27739654839782,1.1387221383961266,0.4981525091619256,0.9721848257776211,0.042260237128034644,0
122.8517638173151,0.9581765221185722,0.487473258434543,0.9243019299771031,0.012031304890859584,0
123.1679763447597,0.9637074530623266,0.5278775055260326,0.9150172287416027,0.01153883132947283,0
121.62936431698623,0.9381431845368147,0.6185010611060395,0.8704742980053491,0.011753159745362115,0
127.02688377046952,0.9558821888327633,0.5518527188252171,0.8168476016939149,0.11669542322540635,1
122.8919929782723,1.034336958365241,0.4857711851150005,0.9335391482670107,0.010943521505003401,0
122.90428217757012,1.034336958365241,0.4857711851150005,0.9335391482670107,0.010937337312681048,0
122.8919929782723,1.0344403920610776,0.4857711851150005,0.9335391482670107,0.010942336373414609,0
122.8919929782723,1.034336958365241,0.485819762233512,0.9335391482670107,0.01094539843060177,0
122.8919929782723,1.034336958365241,0.4857711851150005,0.9336325021818374,0.01095279972118638,0
124.51539710731255,1.1727111828625123,0.4901118284440224,0.9366636918134321,0.009520402484972632,0
124.52784864702328,1.1727111828625123,0.4901118284440224,0.9366636918134321,0.009517186010455345,0
124.51539710731255,1.1728284539807985,0.4901118284440224,0.9366636918134321,0.0095199377119125,0
124.51539710731255,1.1727111828625123,0.4901608396268668,0.9366636918134321,0.00952045819830618,0
124.51539710731255,1.1727111828625123,0.4901118284440224,0.9367573581826134,0.009520863919427013,0
129.9660414272983,1.2472228860628365,0.23096166042374822,1.064057601225626,0.15333274078071576,11
127.93017910102796,1.2254062846762825,0.4612806824723254,0.9606718239976549,0.0447173828556718,2
125.42610233677141,1.1904105679874954,0.49043188295431256,0.9396723209744287,0.009211889251452133,0
125.43864494700509,1.1904105679874954,0.49043188295431256,0.9396723209744287,0.009208349456238748,0
125.42610233677141,1.1905296090442943,0.49043188295431256,0.9396723209744287,0.009211489560547797,0
125.42610233677141,1.1904105679874954,0.49048092614260796,0.9396723209744287,0.00921189853235641,0
125.42610233677141,1.1904105679874954,0.49043188295431256,0.9397662882065261,0.009212029495931195,0
127.28513219011198,1.2165096937428759,0.4881060105247631,0.947069299643234,0.008541283707112182,0
127.297860703331,1.2165096937428759,0.4881060105247631,0.947069299643234,0.008536772209821075,0
127.28513219011198,1.21663134471225,0.4881060105247631,0.947069299643234,0.008540951211780185,0
127.28513219011198,1.2165096937428759,0.4881548211258156,0.947069299643234,0.008541398988006856,0
127.28513219011198,1.2165096937428759,0.4881060105247631,0.9471640065731983,0.008541724042412683,0
130.6350789119476,1.2485376978079818,0.46268559342535964,0.9687690056817297,0.18963856426777898,12
128.1806710536599,1.2266295987884184,0.4870070536696006,0.9504203812759742,0.08099702581496629,4
127.50883110146785,1.2191673504932483,0.48794723941983464,0.9477771853097273,0.008455499609843,0
127.52158198457799,1.2191673504932483,0.48794723941983464,0.9477771853097273,0.00845105505112478,0
127.50883110146785,1.2192892672282976,0.48794723941983464,0.9477771853097273,0.008455177705875429,0
127.50883110146785,1.2191673504932483,0.4879960341437766,0.9477771853097273,0.008455542901574329,0
127.50883110146785,1.2191673504932483,0.48794723941983464,0.9478719630282583,0.008455583717561468,0
127.95239435860798,1.2242302469058308,0.4876211722592957,0.949375822640374,0.04474261372145445,2
127.61965129739642,1.2204652099807158,0.48789055487709415,0.9481509319248811,0.008412692624966543,0
127.63241326252616,1.2204652099807158,0.48789055487709415,0.9481509319248811,0.008408232406228674,0
127.61965129739642,1.220587256501714,0.48789055487709415,0.9481509319248811,0.00841237448790443,0
127.61965129739642,1.2204652099807158,0.48793934393258187,0.9481509319248811,0.008412725177619273,0
127.61965129739642,1.2204652099807158,0.48789055487709415,0.9482457470180736,0.008412716062507992,0
127.84050784918676,1.2230002624234118,0.48775632139941977,0.9489396552786747,0.04477944414052614,2
127.67484520634224,1.2211069421926868,0.4878628292606617,0.948341997461262,0.008391271050496727,0
127.68761269086288,1.2211069421926868,0.4878628292606617,0.948341997461262,0.008386795242727767,0
127.67484520634224,1.221229052886906,0.4878628292606617,0.948341997461262,0.008390954544614759,0
127.67484520634224,1.2211069421926868,0.48791161554358775,0.948341997461262,0.0083913022862223,0
127.67484520634224,1.2211069421926868,0.4878628292606617,0.9484368316610081,0.008391283044017293,0
127.78504125622668,1.2223755933663865,0.48780202675680895,0.9487329134219985,0.026573764375494743,1
127.70239108013932,1.2214260967587895,0.4878489356518015,0.9484377373807524,0.008380555546424157,0
127.71516131924733,1.2214260967587895,0.4878489356518015,0.9484377373807524,0.00837607138995074,0
127.70239108013932,1.2215482393684653,0.4878489356518015,0.9484377373807524,0.008380239832221281,0
127.70239108013932,1.2214260967587895,0.4878977205453667,0.9484377373807524,0.008380586445641897,0
127.70239108013932,1.2214260967587895,0.4878489356518015,0.9485325811544905,0.008380563326231459,0
127.75743139038534,1.2220607236469896,0.487819996830979,0.948632157899392,0.008359093666985892,0
127.77020713352438,1.2220607236469896,0.487819996830979,0.948632157899392,0.008354588845078604,0
127.75743139038534,1.2221829297193543,0.487819996830979,0.948632157899392,0.008358779406091347,0
127.75743139038534,1.2220607236469896,0.4878687788306621,0.948632157899392,0.00835912595626158,0
127.75743139038534,1.2220607236469896,0.487819996830979,0.9487270211151819,0.00835910264575646,0
127.8673412890263,1.2233156630750137,0.4877554772101757,0.9490238477865606,0.044770630961508656,2
127.78490480351692,1.2223764210518022,0.4878052504321498,0.9487284122205663,0.026573815375015596,1
127.76430091321004,1.222139777120725,0.4878163209451482,0.9486557810016918,0.008356411505577189,0
127.77707734330136,1.222139777120725,0.4878163209451482,0.9486557810016918,0.008351905094781707,0
127.76430091321004,1.2222619910984371,0.4878163209451482,0.9486557810016918,0.008356097452567737,0
127.76430091321004,1.222139777120725,0.48786510257724275,0.9486557810016918,0.008356443480691488,0
127.76430091321004,1.222139777120725,0.4878163209451482,0.9487506465797919,0.008356418363814882,0
127.7780343699946,1.222297648053251,0.4878090168946325,0.948703755008568,0.008351045334599867,0
127.7908121734316,1.222297648053251,0.4878090168946325,0.948703755008568,0.0447962219036818,2
127.7780343699946,1.2224198778180564,0.4878090168946325,0.948703755008568,0.008350731664573237,0
127.7780343699946,1.222297648053251,0.487857797796322,0.948703755008568,0.008351077257279096,0
127.7780343699946,1.222297648053251,0.4878090168946325,0.9487986253840688,0.008351050635217069,0
127.77946473009025,1.2234149610035356,0.4877007640007527,0.9487972520095801,0.02657278737799918,1
127.77946469840349,1.2225692395629637,0.4877870927405871,0.9487435881790656,0.026575056849177287,1
127.7794643864506,1.2223379833745944,0.48780684776885264,0.9487145746249238,0.026575698301328526,1
127.77848434742877,1.2222976513146893,0.48780901674911414,0.9487037560199085,0.008350885505563488,0
127.79126219586351,1.2222976513146893,0.48780901674911414,0.9487037560199085,0.04479609280226761,2
127.77848434742877,1.2224198810798208,0.48780901674911414,0.9487037560199085,0.008350571879049001,0
127.77848434742877,1.2222976513146893,0.48785779765078907,0.9487037560199085,0.008350916368392148,0
127.77848434742877,1.2222976513146893,0.48780901674911414,0.9487986263955105,0.008350885831258207,0
127.77859683971745,1.2222976519212156,0.4878090167223472,0.9487037562093849,0.008350845560758633,0
127.79137469940142,1.2222976519212156,0.4878090167223472,0.9487037562093849,0.044796060539399656,2
127.77859683971745,1.2224198816864078,0.4878090167223472,0.9487037562093849,0.00835053194512025,0
127.77859683971745,1.2222976519212156,0.48785779762401943,0.9487037562093849,0.0083508761585845,0
127.77859683971745,1.2222976519212156,0.4878090167223472,0.9487986265850058,0.008350844642571489,0
127.77862496266023,1.2222976520637219,0.4878090167160755,0.9487037562539853,0.008350835575322433,0
127.7914028251565,1.2222976520637219,0.4878090167160755,0.9487037562539853,0.044796052474448664,2
127.77862496266023,1.2224198818289282,0.4878090167160755,0.9487037562539853,0.008350521962404402,0
127.77862496266023,1.2222976520637219,0.4878577976177471,0.9487037562539853,0.008350866106899578,0
127.77862496266023,1.2222976520637219,0.4878090167160755,0.9487986266296107,0.008350834346167365,0
127.77863199338783,1.2222976520988202,0.4878090167145319,0.9487037562649752,0.008350833079011428,0
127.79140985658717,1.2222976520988202,0.4878090167145319,0.9487037562649752,0.04479605045825821,2
127.77863199338783,1.2224198818640302,0.4878090167145319,0.9487037562649752,0.008350519466773405,0
127.77863199338783,1.2222976520988202,0.48785779761620335,0.9487037562649752,0.008350863594025848,0
127.77863199338783,1.2222976520988202,0.4878090167145319,0.9487986266406017,0.008350831772103405,0
127.77863375106924,1.2222976521075624,0.4878090167141475,0.9487037562677129,0.00835083245493751,0
127.79141161444434,1.2222976521075624,0.4878090167141475,0.9487037562677129,0.04479604995421395,2
127.77863375106924,1.2224198818727732,0.4878090167141475,0.9487037562677129,0.008350518842868549,0
127.77863375106924,1.2222976521075624,0.48785779761581893,0.9487037562677129,0.0083508629658165,0
127.77863375106924,1.2222976521075624,0.4878090167141475,0.9487986266433396,0.008350831128607988,0
127.77863419048956,1.222297652109746,0.48780901671405147,0.9487037562683966,0.008350832298918885,0
127.7914120539086,1.222297652109746,0.48780901671405147,0.9487037562683966,0.04479604982820247,2
127.77863419048956,1.222419881874957,0.48780901671405147,0.9487037562683966,0.008350518686893278,0
127.77863419048956,1.222297652109746,0.4878577976157229,0.9487037562683966,0.008350862808762382,0
127.77863419048956,1.222297652109746,0.48780901671405147,0.9487986266440235,0.00835083096772068,0
102.39547191158805,1.109036507149692,1.3482577723216178,0.41360456851971344,0.0007728375108883218,0
102.40571145877921,1.109036507149692,1.3482577723216178,0.41360456851971344,0.0007662087760301372,0
102.39547191158805,1.109147410800407,1.3482577723216178,0.41360456851971344,0.0007726572716476917,0
102.39547191158805,1.109036507149692,1.34839259809885,0.41360456851971344,0.0007791454610297577,0
102.39547191158805,1.109036507149692,1.3482577723216178,0.41364592897656544,0.0007758651681988402,0
103.21315235685235,1.1100365023490908,1.3470037404076123,0.41324395409104814,0.00045795362294192584,0
103.22347367208803,1.1100365023490908,1.3470037404076123,0.41324395409104814,0.00045767396247069735,0
103.21315235685235,1.1101475059993258,1.3470037404076123,0.41324395409104814,0.00045794764178059313,0
103.21315235685235,1.1100365023490908,1.3471384407816531,0.41324395409104814,0.000458169908782867,0
103.21315235685235,1.1100365023490908,1.3470037404076123,0.41328527848645724,0.0004580441990297365,0
103.28511148813928,1.1096511040726724,1.3464658339863127,0.4137945167033165,0.00045708417351194344,0
103.29543999928809,1.1096511040726724,1.3464658339863127,0.4137945167033165,0.0004571149752928758,0
103.28511148813928,1.1097620691830796,1.3464658339863127,0.4137945167033165,0.00045708345986069943,0
103.28511148813928,1.1096511040726724,1.3466004805697114,0.4137945167033165,0.0004571404884566128,0
103.28511148813928,1.1096511040726724,1.3464658339863127,0.41383589615498684,0.000457095723045235,0
103.28507522119898,1.1098268787268197,1.3464489274452833,0.4138069182549868,0.00045708331830388797,0
103.2954037287211,1.1098268787268197,1.3464489274452833,0.4138069182549868,0.00045711549000622507,0
103.28507522119898,1.1099378614146924,1.3464489274452833,0.4138069182549868,0.00045708367926771906,0
103.28507522119898,1.1098268787268197,1.346583572338028,0.4138069182549868,0.000457138281594321,0
103.28507522119898,1.1098268787268197,1.3464489274452833,0.4138482989468123,0.00045709429457347695,0
103.28521124594644,1.109824302894461,1.3464432287630141,0.41381164627320915,0.0004570833141686023,0
103.29553976707103,1.109824302894461,1.3464432287630141,0.41381164627320915,0.00045711557309463177,0
103.28521124594644,1.1099352853247504,1.3464432287630141,0.41381164627320915,0.0004570836567103072,0
103.28521124594644,1.109824302894461,1.3465778730858904,0.41381164627320915,0.0004571385142958062,0
103.28521124594644,1.109824302894461,1.3464432287630141,0.4138530274378365,0.00045709443723082355,0
