param,i,value,sse,nfev,status,fit_a_thrust,fit_k_pi,fit_k_mdot,fit_W_ref,D,n_unreachable
W_ref,0,60.0,0.41258583563159734,32,3,1.2861550979024237,1.0767692285529191,0.2000000000826628,,183.74401444940588,31
W_ref,1,65.0,0.3767410377165392,32,3,1.284695689330049,1.1373871306421268,0.2000000000816724,,181.29008646367532,31
W_ref,2,70.0,0.3584082284411225,25,2,1.2836657168102574,1.1934526034909057,0.2000000000123284,,179.94318041645383,31
W_ref,3,75.0,0.3489764410883952,17,2,1.2643495588961031,1.3385709714689227,0.20000000000000004,,179.22313837444491,31
W_ref,4,80.0,0.3382183019237129,7,2,1.2319298427531906,1.4317568205484217,0.20000000000000004,,178.3776910141325,31
W_ref,5,85.0,0.3338207387858687,10,2,1.1754792170723625,1.4790767670032048,0.20000000000001208,,178.02433088991125,31
W_ref,6,90.0,0.09378939871819832,26,3,1.2467200479371672,1.4223406401266678,0.289786612125713,,143.74641854390927,2
W_ref,7,95.0,0.01653073652940999,12,4,1.19762122306068,1.4468968127464015,0.29802821393125567,,96.8789987809875,0
W_ref,8,100.0,0.002256324549903372,7,1,1.1431063652335818,1.3931721760173215,0.3655801928195018,,43.10892311536975,0
W_ref,9,105.0,0.0008016591564232929,7,2,1.0954824533919376,1.3181661479212765,0.4403493981874037,,15.16908180279318,0
W_ref,10,110.0,0.004089159740909593,9,2,1.077973852364884,1.2160202310957577,0.5254819228634436,,59.16318582466627,0
W_ref,11,115.0,0.007766638075309249,10,2,1.1124460505751665,1.0682285911680043,0.6295822224056841,,76.48362869207122,0
W_ref,12,120.0,0.009686145591592024,10,2,1.1844724776010087,0.8394598482966531,0.7650269916586436,,82.44682667084038,0
W_ref,13,125.0,0.009210181118303042,17,2,1.264109644345277,0.4212598601468967,0.9675455459857566,,81.08637606340943,0
W_ref,14,130.0,0.15266860016999817,12,2,1.2740976168365679,0.20000000000252374,1.0708221714541994,,156.90129727204734,11
W_ref,15,135.0,0.33441560923613384,7,1,1.2564130120866532,0.20000000000614002,1.0855195405808502,,178.07240222409555,31
W_ref,16,140.0,0.3353289444750062,6,2,1.2612158419044515,0.20000000003233953,1.0994668656596644,,178.1460424399052,31
a_thrust,0,0.0,0.0825710942905144,10,2,,1.4712019790452382,0.30602129053964977,114.07887683161397,140.30683026875673,2
a_thrust,1,0.125,0.008886724000373063,16,3,,1.4740232103265931,0.30112593055617864,110.43717785370056,80.12109804405229,0
a_thrust,2,0.25,0.008242160724586806,16,3,,1.476121464571297,0.3013778253930469,110.33626250162403,78.0881075476232,0
a_thrust,3,0.375,0.007593639595928972,11,2,,1.4665644009726129,0.313903023622806,108.38582518066133,75.8754161896466,0
a_thrust,4,0.5,0.006446977019922461,10,2,,1.4448913043418044,0.33608696051156495,106.83782800352303,71.45552537596724,0
a_thrust,5,0.625,0.004902054301236197,8,2,,1.4170125152042854,0.3604387556599833,105.66203492858442,64.05868693072571,0
a_thrust,6,0.75,0.003235102322806739,7,2,,1.3906753900919642,0.38125587875307665,104.75536037483317,52.83765419489733,0
a_thrust,7,0.875,0.0017623144676100185,9,2,,1.3694044666362684,0.39710126272309293,104.06183270550545,36.436974701802484,0
a_thrust,8,1.0,0.0007647553149951251,7,2,,1.354283023110821,0.40806344793402316,103.56367821562691,13.896636803760272,0
a_thrust,9,1.125,0.0004632831796444827,6,1,,1.3457788918599571,0.4143201838919801,103.25856959578933,0.36376574129191147,0
a_thrust,10,1.25,0.001005035533262021,4,1,,1.3443942878559347,0.4157776163749425,103.15131205296191,21.273637374578318,0
a_thrust,11,1.375,0.002448993955139242,5,1,,1.3507981350073401,0.4120225389487326,103.25352549255169,45.321306506780225,0
a_thrust,12,1.5,0.004747188356842735,6,2,,1.3657738035683888,0.40231995516175706,103.58850269304297,63.19193712940154,0
a_thrust,13,1.625,0.007718272120829869,7,2,,1.3898816736772766,0.3857116045519308,104.20726627728385,76.31496319759214,0
a_thrust,14,1.75,0.011008387355585045,9,2,,1.4221482538937429,0.36173950922718007,105.24360644652957,85.9017708120624,0
a_thrust,15,1.875,0.014035006969655392,17,3,,1.4567478386462118,0.33319591385442693,107.13349742630656,92.459996218635,0
a_thrust,16,2.0,0.014794936249182693,33,3,,1.4819983518756268,0.3190466810731234,118.41574534642486,93.8837135219929,0
k_mdot,0,0.2,0.009808403825751332,5,2,1.0002459399787293,1.4999999999999998,,101.69103470365152,82.78548703471826,0
k_mdot,1,0.28125,0.0034287020156494666,9,4,1.069210943892827,1.494573174287298,,101.71597504012092,54.40692689426296,0
k_mdot,2,0.36250000000000004,0.0008459757721279473,6,2,1.0991449272303584,1.411584687894453,,102.5512259211795,16.621876081525187,0
k_mdot,3,0.44375000000000003,0.0005723551034914143,6,2,1.114971119077495,1.305311379750689,,103.769409558647,6.072136057713304,0
k_mdot,4,0.525,0.0018220178388374812,8,2,1.1276068277678992,1.1843668021444889,,105.26040820894798,37.33652306462997,0
k_mdot,5,0.60625,0.0038978870665392026,9,2,1.1403506326866133,1.0518980324366651,,106.97877162377901,57.86975411548996,0
k_mdot,6,0.6875,0.0061889891804486835,11,2,1.1543491074138441,0.9095205825023805,,108.91732068235234,70.35285705896507,0
k_mdot,7,0.76875,0.008238044807816168,14,2,1.1702970846965957,0.7590471594321094,,111.16815809332931,78.07462109505448,0
k_mdot,8,0.8500000000000001,0.00976285342195849,31,2,1.1906594976413443,0.6078638844811298,,114.46114291669731,82.65980649130644,0
k_mdot,9,0.9312500000000001,0.008355439030064285,23,3,1.2534421386971673,0.5297259729235543,,127.77506380363121,78.45666225231997,0
k_mdot,10,1.0125,0.08540009563595832,15,3,1.3354658817480303,0.3699359959359067,,127.77868817225189,141.21639410333427,6
k_mdot,11,1.09375,0.4382125974963883,14,3,1.335465884646863,0.36993590789573993,,127.77916359944972,185.37103187147167,37
k_mdot,12,1.175,0.4979250077330437,16,3,1.3806558069448946,0.26102595597240513,,127.79061573038264,188.82015507341066,38
k_mdot,13,1.25625,0.6849100191309392,16,3,1.4333220105309599,0.24672640570316676,,127.79518131594315,197.42878085463175,45
k_mdot,14,1.3375,0.7647969707104687,14,3,1.43332296348222,0.24672640570316676,,127.79519453780073,200.4074999683382,69
k_mdot,15,1.41875,0.7647969703863264,13,3,1.4333230070883471,0.24672640570316676,,127.79519513494289,200.40749995689484,69
k_mdot,16,1.5,0.7647969700621596,13,3,1.433323050694488,0.24672640570316676,,127.79519573208528,200.4074999454506,69
k_pi,0,0.2,0.02634207461112427,19,3,1.2582416332271937,,1.0623494433994685,127.78958297067572,109.45954045701747,1
k_pi,1,0.28125,0.02341215898503412,13,3,1.2587960103407125,,1.0003501818177278,127.77916747532659,106.27591770391028,0
k_pi,2,0.36250000000000004,0.00815611951909686,15,3,1.2587960103407125,,1.0003501818177278,127.77916747532659,77.8047688275884,0
k_pi,3,0.44375000000000003,0.008248765984911394,30,3,1.248336981257673,,0.9672295347600787,127.77262275598689,78.10973665815686,0
k_pi,4,0.525,0.010266227913276789,40,0,1.1997803454988167,,0.8895806014469976,115.55126879312255,84.01723009202372,0
k_pi,5,0.60625,0.009705861603564158,21,3,1.1842178238543146,,0.8425038213021615,112.5814219873035,82.50172893044802,0
k_pi,6,0.6875,0.008962857990583857,17,3,1.1744809277896346,,0.8003346902050211,111.11758131469686,80.35142614952022,0
k_pi,7,0.76875,0.008054689653151287,16,3,1.1657924241248556,,0.7579792073679006,109.8966816934413,77.46689030588033,0
k_pi,8,0.8500000000000001,0.006988795403718882,15,3,1.1576572661719617,,0.7148037956190307,108.78994097725237,73.6343408163615,0
k_pi,9,0.9312500000000001,0.005784552306247863,13,3,1.14989180101423,,0.6704826935999422,107.75398282649722,68.52817530681017,0
k_pi,10,1.0125,0.0044832392126489505,12,3,1.1423722572508912,,0.624744523880192,106.7702356447978,61.647356385556776,0
k_pi,11,1.09375,0.003157013874759816,11,3,1.1350025879374466,,0.5773103115125857,105.8343451309335,52.17793746681102,0
k_pi,12,1.175,0.00191882607781783,6,2,1.1276229507533644,,0.527818786320905,104.94822323816778,38.7342858393046,0
k_pi,13,1.25625,0.0009366928514596291,7,2,1.1198736221314713,,0.47573511413637704,104.11869195875647,19.372223184414207,0
k_pi,14,1.3375,0.0004627608682794845,5,2,1.1109494546541931,,0.42019399592507234,103.36266725889958,0.33330842474848443,0
k_pi,15,1.41875,0.0009195463234619676,7,2,1.0986570306339623,,0.3596031924248413,102.71830999755862,18.873398000286365,0
k_pi,16,1.5,0.0032873892453887292,14,3,1.0769100433669874,,0.291421990761863,102.30217358098321,53.27054924336718,0
